account_id,customer_id,branch_id,account_type,balance,opened_date
1,2,2,CHECKING,96094.31,2018-01-02
2,3,3,CREDIT,4239.11,2018-01-03
3,4,4,SAVINGS,41616.88,2018-01-04
4,5,5,CHECKING,33870.01,2018-01-05
5,6,6,CREDIT,110602.45,2018-01-06
6,7,7,SAVINGS,101666.57,2018-01-07
7,8,8,CHECKING,133880.85,2018-01-08
8,9,9,CREDIT,13497.36,2018-01-09
9,10,10,SAVINGS,63577.31,2018-01-10
10,11,11,CHECKING,4954.68,2018-01-11
11,12,12,CREDIT,33186.38,2018-01-12
12,13,13,SAVINGS,76050.62,2018-01-13
13,14,14,CHECKING,4467.13,2018-01-14
14,15,15,CREDIT,30226.23,2018-01-15
15,16,16,SAVINGS,97657.72,2018-01-16
16,17,17,CHECKING,81968.75,2018-01-17
17,18,18,CREDIT,33455.87,2018-01-18
18,19,19,SAVINGS,88595.22,2018-01-19
19,20,20,CHECKING,121509.85,2018-01-20
20,21,21,CREDIT,1471.56,2018-01-21
21,22,22,SAVINGS,120969.98,2018-01-22
22,23,23,CHECKING,104871.84,2018-01-23
23,24,24,CREDIT,51367.45,2018-01-24
24,25,25,SAVINGS,23744.19,2018-01-25
25,26,26,CHECKING,143603.35,2018-01-26
26,27,27,CREDIT,50820.88,2018-01-27
27,28,28,SAVINGS,14365.5,2018-01-28
28,29,29,CHECKING,14959.1,2018-01-29
29,30,30,CREDIT,127200.41,2018-01-30
30,31,31,SAVINGS,90757.04,2018-01-31
31,32,32,CHECKING,121165.68,2018-02-01
32,33,33,CREDIT,109594.9,2018-02-02
33,34,34,SAVINGS,80666.1,2018-02-03
34,35,35,CHECKING,145980.81,2018-02-04
35,36,36,CREDIT,57090.89,2018-02-05
36,37,37,SAVINGS,83030.07,2018-02-06
37,38,38,CHECKING,124496.0,2018-02-07
38,39,39,CREDIT,92968.7,2018-02-08
39,40,40,SAVINGS,129325.18,2018-02-09
40,41,41,CHECKING,86814.15,2018-02-10
41,42,42,CREDIT,105833.49,2018-02-11
42,43,43,SAVINGS,7350.75,2018-02-12
43,44,44,CHECKING,34570.79,2018-02-13
44,45,45,CREDIT,43763.5,2018-02-14
45,46,46,SAVINGS,12428.9,2018-02-15
46,47,47,CHECKING,35302.24,2018-02-16
47,48,48,CREDIT,15599.71,2018-02-17
48,49,49,SAVINGS,42057.05,2018-02-18
49,50,50,CHECKING,95534.82,2018-02-19
50,51,1,CREDIT,55042.41,2018-02-20
51,52,2,SAVINGS,55842.05,2018-02-21
52,53,3,CHECKING,31821.3,2018-02-22
53,54,4,CREDIT,40413.18,2018-02-23
54,55,5,SAVINGS,140529.86,2018-02-24
55,56,6,CHECKING,97381.29,2018-02-25
56,57,7,CREDIT,91565.09,2018-02-26
57,58,8,SAVINGS,26085.23,2018-02-27
58,59,9,CHECKING,109504.46,2018-02-28
59,60,10,CREDIT,24928.67,2018-03-01
60,61,11,SAVINGS,57228.59,2018-03-02
61,62,12,CHECKING,148433.74,2018-03-03
62,63,13,CREDIT,96179.96,2018-03-04
63,64,14,SAVINGS,83763.99,2018-03-05
64,65,15,CHECKING,102849.83,2018-03-06
65,66,16,CREDIT,126506.36,2018-03-07
66,67,17,SAVINGS,116511.99,2018-03-08
67,68,18,CHECKING,34742.69,2018-03-09
68,69,19,CREDIT,5298.99,2018-03-10
69,70,20,SAVINGS,47660.23,2018-03-11
70,71,21,CHECKING,40527.26,2018-03-12
71,72,22,CREDIT,32041.94,2018-03-13
72,73,23,SAVINGS,141465.0,2018-03-14
73,74,24,CHECKING,131516.96,2018-03-15
74,75,25,CREDIT,47544.34,2018-03-16
75,76,26,SAVINGS,98488.08,2018-03-17
76,77,27,CHECKING,59646.97,2018-03-18
77,78,28,CREDIT,137224.86,2018-03-19
78,79,29,SAVINGS,69098.35,2018-03-20
79,80,30,CHECKING,40099.58,2018-03-21
80,81,31,CREDIT,37370.81,2018-03-22
81,82,32,SAVINGS,84424.54,2018-03-23
82,83,33,CHECKING,39779.87,2018-03-24
83,84,34,CREDIT,87895.61,2018-03-25
84,85,35,SAVINGS,134724.52,2018-03-26
85,86,36,CHECKING,60210.38,2018-03-27
86,87,37,CREDIT,33288.45,2018-03-28
87,88,38,SAVINGS,149631.87,2018-03-29
88,89,39,CHECKING,76674.18,2018-03-30
89,90,40,CREDIT,14090.96,2018-03-31
90,91,41,SAVINGS,7543.9,2018-04-01
91,92,42,CHECKING,16892.54,2018-04-02
92,93,43,CREDIT,94303.18,2018-04-03
93,94,44,SAVINGS,118915.86,2018-04-04
94,95,45,CHECKING,63612.92,2018-04-05
95,96,46,CREDIT,9997.39,2018-04-06
96,97,47,SAVINGS,57552.08,2018-04-07
97,98,48,CHECKING,149420.15,2018-04-08
98,99,49,CREDIT,79602.59,2018-04-09
99,100,50,SAVINGS,145676.22,2018-04-10
100,101,1,CHECKING,129186.57,2018-04-11
101,102,2,CREDIT,2216.41,2018-04-12
102,103,3,SAVINGS,108247.91,2018-04-13
103,104,4,CHECKING,102415.7,2018-04-14
104,105,5,CREDIT,80777.06,2018-04-15
105,106,6,SAVINGS,40390.37,2018-04-16
106,107,7,CHECKING,96323.79,2018-04-17
107,108,8,CREDIT,17177.05,2018-04-18
108,109,9,SAVINGS,65497.4,2018-04-19
109,110,10,CHECKING,68331.69,2018-04-20
110,111,11,CREDIT,143095.48,2018-04-21
111,112,12,SAVINGS,131440.01,2018-04-22
112,113,13,CHECKING,39876.66,2018-04-23
113,114,14,CREDIT,75337.62,2018-04-24
114,115,15,SAVINGS,27208.46,2018-04-25
115,116,16,CHECKING,136937.86,2018-04-26
116,117,17,CREDIT,130642.53,2018-04-27
117,118,18,SAVINGS,45117.5,2018-04-28
118,119,19,CHECKING,96022.95,2018-04-29
119,120,20,CREDIT,91541.05,2018-04-30
120,121,21,SAVINGS,23349.47,2018-05-01
121,122,22,CHECKING,114495.36,2018-05-02
122,123,23,CREDIT,81137.17,2018-05-03
123,124,24,SAVINGS,116904.66,2018-05-04
124,125,25,CHECKING,79787.87,2018-05-05
125,126,26,CREDIT,585.5,2018-05-06
126,127,27,SAVINGS,48961.33,2018-05-07
127,128,28,CHECKING,3411.77,2018-05-08
128,129,29,CREDIT,139400.24,2018-05-09
129,130,30,SAVINGS,131868.92,2018-05-10
130,131,31,CHECKING,124834.0,2018-05-11
131,132,32,CREDIT,46473.36,2018-05-12
132,133,33,SAVINGS,9159.81,2018-05-13
133,134,34,CHECKING,131762.44,2018-05-14
134,135,35,CREDIT,142068.94,2018-05-15
135,136,36,SAVINGS,13305.19,2018-05-16
136,137,37,CHECKING,73155.57,2018-05-17
137,138,38,CREDIT,10847.27,2018-05-18
138,139,39,SAVINGS,114210.02,2018-05-19
139,140,40,CHECKING,114992.25,2018-05-20
140,141,41,CREDIT,19694.52,2018-05-21
141,142,42,SAVINGS,71554.72,2018-05-22
142,143,43,CHECKING,82695.64,2018-05-23
143,144,44,CREDIT,40125.97,2018-05-24
144,145,45,SAVINGS,130928.74,2018-05-25
145,146,46,CHECKING,63759.12,2018-05-26
146,147,47,CREDIT,32163.83,2018-05-27
147,148,48,SAVINGS,81124.77,2018-05-28
148,149,49,CHECKING,109624.69,2018-05-29
149,150,50,CREDIT,30572.08,2018-05-30
150,151,1,SAVINGS,47101.59,2018-05-31
151,152,2,CHECKING,149274.83,2018-06-01
152,153,3,CREDIT,97656.77,2018-06-02
153,154,4,SAVINGS,65995.96,2018-06-03
154,155,5,CHECKING,77877.59,2018-06-04
155,156,6,CREDIT,18590.13,2018-06-05
156,157,7,SAVINGS,34092.25,2018-06-06
157,158,8,CHECKING,51043.79,2018-06-07
158,159,9,CREDIT,88452.15,2018-06-08
159,160,10,SAVINGS,34902.15,2018-06-09
160,161,11,CHECKING,33422.5,2018-06-10
161,162,12,CREDIT,11113.47,2018-06-11
162,163,13,SAVINGS,94849.89,2018-06-12
163,164,14,CHECKING,34726.8,2018-06-13
164,165,15,CREDIT,135860.29,2018-06-14
165,166,16,SAVINGS,129015.49,2018-06-15
166,167,17,CHECKING,11093.17,2018-06-16
167,168,18,CREDIT,36081.69,2018-06-17
168,169,19,SAVINGS,100512.18,2018-06-18
169,170,20,CHECKING,32528.4,2018-06-19
170,171,21,CREDIT,20280.62,2018-06-20
171,172,22,SAVINGS,140359.38,2018-06-21
172,173,23,CHECKING,85870.94,2018-06-22
173,174,24,CREDIT,71164.32,2018-06-23
174,175,25,SAVINGS,117800.6,2018-06-24
175,176,26,CHECKING,121220.8,2018-06-25
176,177,27,CREDIT,28966.28,2018-06-26
177,178,28,SAVINGS,14991.16,2018-06-27
178,179,29,CHECKING,64942.15,2018-06-28
179,180,30,CREDIT,63825.0,2018-06-29
180,181,31,SAVINGS,70320.19,2018-06-30
181,182,32,CHECKING,109496.84,2018-07-01
182,183,33,CREDIT,101168.0,2018-07-02
183,184,34,SAVINGS,147632.7,2018-07-03
184,185,35,CHECKING,15213.47,2018-07-04
185,186,36,CREDIT,60691.88,2018-07-05
186,187,37,SAVINGS,51225.74,2018-07-06
187,188,38,CHECKING,129320.04,2018-07-07
188,189,39,CREDIT,37674.12,2018-07-08
189,190,40,SAVINGS,28936.23,2018-07-09
190,191,41,CHECKING,67567.73,2018-07-10
191,192,42,CREDIT,63571.31,2018-07-11
192,193,43,SAVINGS,42142.5,2018-07-12
193,194,44,CHECKING,37846.06,2018-07-13
194,195,45,CREDIT,138528.21,2018-07-14
195,196,46,SAVINGS,66748.05,2018-07-15
196,197,47,CHECKING,129271.69,2018-07-16
197,198,48,CREDIT,82773.63,2018-07-17
198,199,49,SAVINGS,8062.96,2018-07-18
199,200,50,CHECKING,149892.73,2018-07-19
200,201,1,CREDIT,125486.12,2018-07-20
201,202,2,SAVINGS,145364.94,2018-07-21
202,203,3,CHECKING,138991.86,2018-07-22
203,204,4,CREDIT,127380.01,2018-07-23
204,205,5,SAVINGS,25363.51,2018-07-24
205,206,6,CHECKING,73103.35,2018-07-25
206,207,7,CREDIT,32455.22,2018-07-26
207,208,8,SAVINGS,60455.52,2018-07-27
208,209,9,CHECKING,9265.99,2018-07-28
209,210,10,CREDIT,57156.48,2018-07-29
210,211,11,SAVINGS,147803.67,2018-07-30
211,212,12,CHECKING,40147.86,2018-07-31
212,213,13,CREDIT,117718.55,2018-08-01
213,214,14,SAVINGS,68523.75,2018-08-02
214,215,15,CHECKING,63739.62,2018-08-03
215,216,16,CREDIT,143618.99,2018-08-04
216,217,17,SAVINGS,149315.69,2018-08-05
217,218,18,CHECKING,83587.36,2018-08-06
218,219,19,CREDIT,107902.04,2018-08-07
219,220,20,SAVINGS,23642.13,2018-08-08
220,221,21,CHECKING,44857.82,2018-08-09
221,222,22,CREDIT,145322.05,2018-08-10
222,223,23,SAVINGS,87087.45,2018-08-11
223,224,24,CHECKING,81558.18,2018-08-12
224,225,25,CREDIT,112322.35,2018-08-13
225,226,26,SAVINGS,9046.21,2018-08-14
226,227,27,CHECKING,87834.55,2018-08-15
227,228,28,CREDIT,75676.13,2018-08-16
228,229,29,SAVINGS,127981.62,2018-08-17
229,230,30,CHECKING,24036.19,2018-08-18
230,231,31,CREDIT,144136.45,2018-08-19
231,232,32,SAVINGS,12476.66,2018-08-20
232,233,33,CHECKING,28280.83,2018-08-21
233,234,34,CREDIT,89457.75,2018-08-22
234,235,35,SAVINGS,101444.28,2018-08-23
235,236,36,CHECKING,35662.98,2018-08-24
236,237,37,CREDIT,18423.05,2018-08-25
237,238,38,SAVINGS,133597.95,2018-08-26
238,239,39,CHECKING,37309.19,2018-08-27
239,240,40,CREDIT,89380.61,2018-08-28
240,241,41,SAVINGS,93097.54,2018-08-29
241,242,42,CHECKING,63174.12,2018-08-30
242,243,43,CREDIT,87759.01,2018-08-31
243,244,44,SAVINGS,78656.02,2018-09-01
244,245,45,CHECKING,140238.59,2018-09-02
245,246,46,CREDIT,31036.75,2018-09-03
246,247,47,SAVINGS,107570.67,2018-09-04
247,248,48,CHECKING,36183.55,2018-09-05
248,249,49,CREDIT,59669.98,2018-09-06
249,250,50,SAVINGS,100917.69,2018-09-07
250,251,1,CHECKING,45349.56,2018-09-08
251,252,2,CREDIT,47768.49,2018-09-09
252,253,3,SAVINGS,112903.74,2018-09-10
253,254,4,CHECKING,11345.2,2018-09-11
254,255,5,CREDIT,69013.69,2018-09-12
255,256,6,SAVINGS,149768.94,2018-09-13
256,257,7,CHECKING,149416.42,2018-09-14
257,258,8,CREDIT,11452.48,2018-09-15
258,259,9,SAVINGS,32366.57,2018-09-16
259,260,10,CHECKING,40147.46,2018-09-17
260,261,11,CREDIT,140022.28,2018-09-18
261,262,12,SAVINGS,132189.19,2018-09-19
262,263,13,CHECKING,131950.9,2018-09-20
263,264,14,CREDIT,55744.3,2018-09-21
264,265,15,SAVINGS,24083.15,2018-09-22
265,266,16,CHECKING,125144.87,2018-09-23
266,267,17,CREDIT,105679.22,2018-09-24
267,268,18,SAVINGS,91945.83,2018-09-25
268,269,19,CHECKING,148091.34,2018-09-26
269,270,20,CREDIT,98269.46,2018-09-27
270,271,21,SAVINGS,1669.55,2018-09-28
271,272,22,CHECKING,122657.07,2018-09-29
272,273,23,CREDIT,45257.12,2018-09-30
273,274,24,SAVINGS,99676.61,2018-10-01
274,275,25,CHECKING,140870.04,2018-10-02
275,276,26,CREDIT,20576.52,2018-10-03
276,277,27,SAVINGS,17756.59,2018-10-04
277,278,28,CHECKING,16501.88,2018-10-05
278,279,29,CREDIT,83206.93,2018-10-06
279,280,30,SAVINGS,41216.06,2018-10-07
280,281,31,CHECKING,90922.06,2018-10-08
281,282,32,CREDIT,107783.02,2018-10-09
282,283,33,SAVINGS,30937.8,2018-10-10
283,284,34,CHECKING,95318.57,2018-10-11
284,285,35,CREDIT,39965.59,2018-10-12
285,286,36,SAVINGS,73535.51,2018-10-13
286,287,37,CHECKING,135847.81,2018-10-14
287,288,38,CREDIT,126992.51,2018-10-15
288,289,39,SAVINGS,14298.62,2018-10-16
289,290,40,CHECKING,63824.58,2018-10-17
290,291,41,CREDIT,41863.69,2018-10-18
291,292,42,SAVINGS,1030.08,2018-10-19
292,293,43,CHECKING,115782.32,2018-10-20
293,294,44,CREDIT,95748.45,2018-10-21
294,295,45,SAVINGS,39662.31,2018-10-22
295,296,46,CHECKING,111314.02,2018-10-23
296,297,47,CREDIT,82976.22,2018-10-24
297,298,48,SAVINGS,64439.19,2018-10-25
298,299,49,CHECKING,1945.62,2018-10-26
299,300,50,CREDIT,11748.96,2018-10-27
300,301,1,SAVINGS,132524.41,2018-10-28
301,302,2,CHECKING,135637.32,2018-10-29
302,303,3,CREDIT,82065.75,2018-10-30
303,304,4,SAVINGS,125271.96,2018-10-31
304,305,5,CHECKING,87585.18,2018-11-01
305,306,6,CREDIT,22640.02,2018-11-02
306,307,7,SAVINGS,19553.11,2018-11-03
307,308,8,CHECKING,46584.62,2018-11-04
308,309,9,CREDIT,134897.73,2018-11-05
309,310,10,SAVINGS,119520.28,2018-11-06
310,311,11,CHECKING,129175.04,2018-11-07
311,312,12,CREDIT,134889.23,2018-11-08
312,313,13,SAVINGS,31906.44,2018-11-09
313,314,14,CHECKING,37804.7,2018-11-10
314,315,15,CREDIT,15867.65,2018-11-11
315,316,16,SAVINGS,117127.38,2018-11-12
316,317,17,CHECKING,132678.14,2018-11-13
317,318,18,CREDIT,61253.42,2018-11-14
318,319,19,SAVINGS,93288.9,2018-11-15
319,320,20,CHECKING,23605.72,2018-11-16
320,321,21,CREDIT,139517.21,2018-11-17
321,322,22,SAVINGS,129758.55,2018-11-18
322,323,23,CHECKING,146442.8,2018-11-19
323,324,24,CREDIT,121710.37,2018-11-20
324,325,25,SAVINGS,132271.72,2018-11-21
325,326,26,CHECKING,4205.56,2018-11-22
326,327,27,CREDIT,110616.39,2018-11-23
327,328,28,SAVINGS,50161.73,2018-11-24
328,329,29,CHECKING,139656.97,2018-11-25
329,330,30,CREDIT,120434.15,2018-11-26
330,331,31,SAVINGS,129677.57,2018-11-27
331,332,32,CHECKING,121707.02,2018-11-28
332,333,33,CREDIT,40387.45,2018-11-29
333,334,34,SAVINGS,118212.49,2018-11-30
334,335,35,CHECKING,16660.3,2018-12-01
335,336,36,CREDIT,130888.93,2018-12-02
336,337,37,SAVINGS,128859.69,2018-12-03
337,338,38,CHECKING,33753.84,2018-12-04
338,339,39,CREDIT,122579.7,2018-12-05
339,340,40,SAVINGS,69315.33,2018-12-06
340,341,41,CHECKING,46126.03,2018-12-07
341,342,42,CREDIT,119404.15,2018-12-08
342,343,43,SAVINGS,34525.53,2018-12-09
343,344,44,CHECKING,4037.83,2018-12-10
344,345,45,CREDIT,29372.9,2018-12-11
345,346,46,SAVINGS,49575.16,2018-12-12
346,347,47,CHECKING,129720.76,2018-12-13
347,348,48,CREDIT,145049.92,2018-12-14
348,349,49,SAVINGS,42229.19,2018-12-15
349,350,50,CHECKING,96401.52,2018-12-16
350,351,1,CREDIT,60251.92,2018-12-17
351,352,2,SAVINGS,147181.88,2018-12-18
352,353,3,CHECKING,80664.25,2018-12-19
353,354,4,CREDIT,140915.95,2018-12-20
354,355,5,SAVINGS,17743.59,2018-12-21
355,356,6,CHECKING,145574.89,2018-12-22
356,357,7,CREDIT,27195.89,2018-12-23
357,358,8,SAVINGS,144398.88,2018-12-24
358,359,9,CHECKING,40187.22,2018-12-25
359,360,10,CREDIT,16706.18,2018-12-26
360,361,11,SAVINGS,65467.28,2018-12-27
361,362,12,CHECKING,109417.49,2018-12-28
362,363,13,CREDIT,47394.76,2018-12-29
363,364,14,SAVINGS,91128.22,2018-12-30
364,365,15,CHECKING,76957.75,2018-12-31
365,366,16,CREDIT,58086.72,2019-01-01
366,367,17,SAVINGS,86699.91,2019-01-02
367,368,18,CHECKING,38581.01,2019-01-03
368,369,19,CREDIT,106463.4,2019-01-04
369,370,20,SAVINGS,752.85,2019-01-05
370,371,21,CHECKING,138873.49,2019-01-06
371,372,22,CREDIT,80998.57,2019-01-07
372,373,23,SAVINGS,108054.78,2019-01-08
373,374,24,CHECKING,111421.54,2019-01-09
374,375,25,CREDIT,100758.96,2019-01-10
375,376,26,SAVINGS,54951.11,2019-01-11
376,377,27,CHECKING,10961.08,2019-01-12
377,378,28,CREDIT,99803.53,2019-01-13
378,379,29,SAVINGS,49864.91,2019-01-14
379,380,30,CHECKING,47430.39,2019-01-15
380,381,31,CREDIT,127278.28,2019-01-16
381,382,32,SAVINGS,108103.26,2019-01-17
382,383,33,CHECKING,45398.18,2019-01-18
383,384,34,CREDIT,46738.06,2019-01-19
384,385,35,SAVINGS,61554.74,2019-01-20
385,386,36,CHECKING,60658.86,2019-01-21
386,387,37,CREDIT,44700.45,2019-01-22
387,388,38,SAVINGS,19529.53,2019-01-23
388,389,39,CHECKING,63356.73,2019-01-24
389,390,40,CREDIT,141084.37,2019-01-25
390,391,41,SAVINGS,101759.03,2019-01-26
391,392,42,CHECKING,135469.43,2019-01-27
392,393,43,CREDIT,92519.48,2019-01-28
393,394,44,SAVINGS,45492.01,2019-01-29
394,395,45,CHECKING,82416.61,2019-01-30
395,396,46,CREDIT,560.69,2019-01-31
396,397,47,SAVINGS,43393.6,2019-02-01
397,398,48,CHECKING,64768.28,2019-02-02
398,399,49,CREDIT,87207.72,2019-02-03
399,400,50,SAVINGS,98378.49,2019-02-04
400,401,1,CHECKING,70015.73,2019-02-05
401,402,2,CREDIT,66602.89,2019-02-06
402,403,3,SAVINGS,32448.36,2019-02-07
403,404,4,CHECKING,71241.33,2019-02-08
404,405,5,CREDIT,135226.53,2019-02-09
405,406,6,SAVINGS,119505.7,2019-02-10
406,407,7,CHECKING,25868.86,2019-02-11
407,408,8,CREDIT,13176.93,2019-02-12
408,409,9,SAVINGS,77560.08,2019-02-13
409,410,10,CHECKING,95124.66,2019-02-14
410,411,11,CREDIT,50610.64,2019-02-15
411,412,12,SAVINGS,122854.31,2019-02-16
412,413,13,CHECKING,112795.15,2019-02-17
413,414,14,CREDIT,101082.95,2019-02-18
414,415,15,SAVINGS,34083.78,2019-02-19
415,416,16,CHECKING,30269.92,2019-02-20
416,417,17,CREDIT,4151.6,2019-02-21
417,418,18,SAVINGS,37103.96,2019-02-22
418,419,19,CHECKING,71532.88,2019-02-23
419,420,20,CREDIT,127535.79,2019-02-24
420,421,21,SAVINGS,11387.82,2019-02-25
421,422,22,CHECKING,62458.93,2019-02-26
422,423,23,CREDIT,94649.92,2019-02-27
423,424,24,SAVINGS,29568.07,2019-02-28
424,425,25,CHECKING,104604.96,2019-03-01
425,426,26,CREDIT,74409.39,2019-03-02
426,427,27,SAVINGS,36975.67,2019-03-03
427,428,28,CHECKING,98580.67,2019-03-04
428,429,29,CREDIT,1328.95,2019-03-05
429,430,30,SAVINGS,112769.19,2019-03-06
430,431,31,CHECKING,115621.91,2019-03-07
431,432,32,CREDIT,16434.8,2019-03-08
432,433,33,SAVINGS,64059.36,2019-03-09
433,434,34,CHECKING,26795.06,2019-03-10
434,435,35,CREDIT,143715.92,2019-03-11
435,436,36,SAVINGS,77934.68,2019-03-12
436,437,37,CHECKING,8007.65,2019-03-13
437,438,38,CREDIT,37755.14,2019-03-14
438,439,39,SAVINGS,127326.28,2019-03-15
439,440,40,CHECKING,68741.04,2019-03-16
440,441,41,CREDIT,120311.78,2019-03-17
441,442,42,SAVINGS,100302.87,2019-03-18
442,443,43,CHECKING,148189.92,2019-03-19
443,444,44,CREDIT,89520.12,2019-03-20
444,445,45,SAVINGS,142530.92,2019-03-21
445,446,46,CHECKING,133768.18,2019-03-22
446,447,47,CREDIT,92091.52,2019-03-23
447,448,48,SAVINGS,108031.46,2019-03-24
448,449,49,CHECKING,75964.34,2019-03-25
449,450,50,CREDIT,124670.09,2019-03-26
450,451,1,SAVINGS,82406.86,2019-03-27
451,452,2,CHECKING,134632.61,2019-03-28
452,453,3,CREDIT,111676.49,2019-03-29
453,454,4,SAVINGS,71463.83,2019-03-30
454,455,5,CHECKING,39249.14,2019-03-31
455,456,6,CREDIT,37462.34,2019-04-01
456,457,7,SAVINGS,95830.38,2019-04-02
457,458,8,CHECKING,114989.15,2019-04-03
458,459,9,CREDIT,78434.32,2019-04-04
459,460,10,SAVINGS,94198.89,2019-04-05
460,461,11,CHECKING,41552.32,2019-04-06
461,462,12,CREDIT,12083.76,2019-04-07
462,463,13,SAVINGS,43216.36,2019-04-08
463,464,14,CHECKING,41121.41,2019-04-09
464,465,15,CREDIT,48296.58,2019-04-10
465,466,16,SAVINGS,81252.76,2019-04-11
466,467,17,CHECKING,21186.92,2019-04-12
467,468,18,CREDIT,35073.59,2019-04-13
468,469,19,SAVINGS,104245.5,2019-04-14
469,470,20,CHECKING,106109.66,2019-04-15
470,471,21,CREDIT,10102.21,2019-04-16
471,472,22,SAVINGS,61436.11,2019-04-17
472,473,23,CHECKING,81620.37,2019-04-18
473,474,24,CREDIT,62658.25,2019-04-19
474,475,25,SAVINGS,31421.74,2019-04-20
475,476,26,CHECKING,63311.46,2019-04-21
476,477,27,CREDIT,135773.35,2019-04-22
477,478,28,SAVINGS,87819.87,2019-04-23
478,479,29,CHECKING,104480.69,2019-04-24
479,480,30,CREDIT,128581.44,2019-04-25
480,481,31,SAVINGS,114956.39,2019-04-26
481,482,32,CHECKING,57366.96,2019-04-27
482,483,33,CREDIT,1381.46,2019-04-28
483,484,34,SAVINGS,53087.94,2019-04-29
484,485,35,CHECKING,113144.53,2019-04-30
485,486,36,CREDIT,128090.47,2019-05-01
486,487,37,SAVINGS,143037.84,2019-05-02
487,488,38,CHECKING,63143.68,2019-05-03
488,489,39,CREDIT,112253.59,2019-05-04
489,490,40,SAVINGS,82146.78,2019-05-05
490,491,41,CHECKING,90686.26,2019-05-06
491,492,42,CREDIT,33470.53,2019-05-07
492,493,43,SAVINGS,33303.53,2019-05-08
493,494,44,CHECKING,65657.48,2019-05-09
494,495,45,CREDIT,4839.21,2019-05-10
495,496,46,SAVINGS,50751.37,2019-05-11
496,497,47,CHECKING,102031.71,2019-05-12
497,498,48,CREDIT,60945.34,2019-05-13
498,499,49,SAVINGS,25174.19,2019-05-14
499,500,50,CHECKING,70374.83,2019-05-15
500,1,1,CREDIT,19580.36,2019-05-16
501,2,2,SAVINGS,93527.42,2019-05-17
502,3,3,CHECKING,4531.48,2019-05-18
503,4,4,CREDIT,59406.03,2019-05-19
504,5,5,SAVINGS,84876.6,2019-05-20
505,6,6,CHECKING,4551.76,2019-05-21
506,7,7,CREDIT,96591.07,2019-05-22
507,8,8,SAVINGS,20787.07,2019-05-23
508,9,9,CHECKING,69523.92,2019-05-24
509,10,10,CREDIT,8017.55,2019-05-25
510,11,11,SAVINGS,57176.03,2019-05-26
511,12,12,CHECKING,32143.21,2019-05-27
512,13,13,CREDIT,49363.45,2019-05-28
513,14,14,SAVINGS,114303.84,2019-05-29
514,15,15,CHECKING,57179.37,2019-05-30
515,16,16,CREDIT,112925.47,2019-05-31
516,17,17,SAVINGS,124872.68,2019-06-01
517,18,18,CHECKING,38214.59,2019-06-02
518,19,19,CREDIT,12744.98,2019-06-03
519,20,20,SAVINGS,3397.8,2019-06-04
520,21,21,CHECKING,81143.15,2019-06-05
521,22,22,CREDIT,149986.22,2019-06-06
522,23,23,SAVINGS,52819.07,2019-06-07
523,24,24,CHECKING,97696.54,2019-06-08
524,25,25,CREDIT,117294.34,2019-06-09
525,26,26,SAVINGS,97937.32,2019-06-10
526,27,27,CHECKING,113257.86,2019-06-11
527,28,28,CREDIT,142466.95,2019-06-12
528,29,29,SAVINGS,30304.42,2019-06-13
529,30,30,CHECKING,3546.81,2019-06-14
530,31,31,CREDIT,23281.16,2019-06-15
531,32,32,SAVINGS,19370.04,2019-06-16
532,33,33,CHECKING,100584.1,2019-06-17
533,34,34,CREDIT,84813.45,2019-06-18
534,35,35,SAVINGS,33085.7,2019-06-19
535,36,36,CHECKING,105070.01,2019-06-20
536,37,37,CREDIT,115151.27,2019-06-21
537,38,38,SAVINGS,25584.48,2019-06-22
538,39,39,CHECKING,91283.5,2019-06-23
539,40,40,CREDIT,112314.88,2019-06-24
540,41,41,SAVINGS,17622.66,2019-06-25
541,42,42,CHECKING,122985.53,2019-06-26
542,43,43,CREDIT,144725.76,2019-06-27
543,44,44,SAVINGS,16660.76,2019-06-28
544,45,45,CHECKING,4338.92,2019-06-29
545,46,46,CREDIT,47137.61,2019-06-30
546,47,47,SAVINGS,101763.42,2019-07-01
547,48,48,CHECKING,143746.84,2019-07-02
548,49,49,CREDIT,59799.84,2019-07-03
549,50,50,SAVINGS,107394.7,2019-07-04
550,51,1,CHECKING,11861.47,2019-07-05
551,52,2,CREDIT,103746.86,2019-07-06
552,53,3,SAVINGS,94272.74,2019-07-07
553,54,4,CHECKING,15734.25,2019-07-08
554,55,5,CREDIT,115985.89,2019-07-09
555,56,6,SAVINGS,127618.84,2019-07-10
556,57,7,CHECKING,90261.54,2019-07-11
557,58,8,CREDIT,18597.73,2019-07-12
558,59,9,SAVINGS,147584.73,2019-07-13
559,60,10,CHECKING,117503.98,2019-07-14
560,61,11,CREDIT,52406.96,2019-07-15
561,62,12,SAVINGS,64542.51,2019-07-16
562,63,13,CHECKING,55900.35,2019-07-17
563,64,14,CREDIT,76141.14,2019-07-18
564,65,15,SAVINGS,51514.06,2019-07-19
565,66,16,CHECKING,127511.56,2019-07-20
566,67,17,CREDIT,123438.47,2019-07-21
567,68,18,SAVINGS,16278.06,2019-07-22
568,69,19,CHECKING,144137.74,2019-07-23
569,70,20,CREDIT,95519.97,2019-07-24
570,71,21,SAVINGS,124391.74,2019-07-25
571,72,22,CHECKING,106242.64,2019-07-26
572,73,23,CREDIT,65605.33,2019-07-27
573,74,24,SAVINGS,110202.4,2019-07-28
574,75,25,CHECKING,144838.32,2019-07-29
575,76,26,CREDIT,40877.32,2019-07-30
576,77,27,SAVINGS,121325.78,2019-07-31
577,78,28,CHECKING,80956.85,2019-08-01
578,79,29,CREDIT,72782.88,2019-08-02
579,80,30,SAVINGS,65618.39,2019-08-03
580,81,31,CHECKING,109788.42,2019-08-04
581,82,32,CREDIT,40625.13,2019-08-05
582,83,33,SAVINGS,127831.12,2019-08-06
583,84,34,CHECKING,124694.29,2019-08-07
584,85,35,CREDIT,13456.1,2019-08-08
585,86,36,SAVINGS,132303.86,2019-08-09
586,87,37,CHECKING,36957.58,2019-08-10
587,88,38,CREDIT,69973.92,2019-08-11
588,89,39,SAVINGS,91744.59,2019-08-12
589,90,40,CHECKING,57158.9,2019-08-13
590,91,41,CREDIT,4790.65,2019-08-14
591,92,42,SAVINGS,127717.45,2019-08-15
592,93,43,CHECKING,27685.06,2019-08-16
593,94,44,CREDIT,32211.92,2019-08-17
594,95,45,SAVINGS,119775.94,2019-08-18
595,96,46,CHECKING,51380.66,2019-08-19
596,97,47,CREDIT,132107.84,2019-08-20
597,98,48,SAVINGS,105326.97,2019-08-21
598,99,49,CHECKING,41802.15,2019-08-22
599,100,50,CREDIT,2017.59,2019-08-23
600,101,1,SAVINGS,142235.36,2019-08-24
601,102,2,CHECKING,13299.14,2019-08-25
602,103,3,CREDIT,108151.16,2019-08-26
603,104,4,SAVINGS,73542.39,2019-08-27
604,105,5,CHECKING,113845.62,2019-08-28
605,106,6,CREDIT,103746.1,2019-08-29
606,107,7,SAVINGS,97062.48,2019-08-30
607,108,8,CHECKING,73877.79,2019-08-31
608,109,9,CREDIT,119043.46,2019-09-01
609,110,10,SAVINGS,14411.48,2019-09-02
610,111,11,CHECKING,33628.66,2019-09-03
611,112,12,CREDIT,103922.18,2019-09-04
612,113,13,SAVINGS,46277.8,2019-09-05
613,114,14,CHECKING,87442.56,2019-09-06
614,115,15,CREDIT,71252.44,2019-09-07
615,116,16,SAVINGS,79872.83,2019-09-08
616,117,17,CHECKING,64112.82,2019-09-09
617,118,18,CREDIT,112017.35,2019-09-10
618,119,19,SAVINGS,49953.3,2019-09-11
619,120,20,CHECKING,105576.81,2019-09-12
620,121,21,CREDIT,41002.01,2019-09-13
621,122,22,SAVINGS,38084.85,2019-09-14
622,123,23,CHECKING,18538.05,2019-09-15
623,124,24,CREDIT,29291.35,2019-09-16
624,125,25,SAVINGS,18373.43,2019-09-17
625,126,26,CHECKING,80611.66,2019-09-18
626,127,27,CREDIT,114447.35,2019-09-19
627,128,28,SAVINGS,28179.9,2019-09-20
628,129,29,CHECKING,32849.5,2019-09-21
629,130,30,CREDIT,72887.69,2019-09-22
630,131,31,SAVINGS,108825.46,2019-09-23
631,132,32,CHECKING,146502.75,2019-09-24
632,133,33,CREDIT,78933.21,2019-09-25
633,134,34,SAVINGS,42808.31,2019-09-26
634,135,35,CHECKING,15528.65,2019-09-27
635,136,36,CREDIT,29520.58,2019-09-28
636,137,37,SAVINGS,34508.73,2019-09-29
637,138,38,CHECKING,27326.51,2019-09-30
638,139,39,CREDIT,2615.18,2019-10-01
639,140,40,SAVINGS,80353.2,2019-10-02
640,141,41,CHECKING,41509.54,2019-10-03
641,142,42,CREDIT,146157.09,2019-10-04
642,143,43,SAVINGS,83227.17,2019-10-05
643,144,44,CHECKING,104763.9,2019-10-06
644,145,45,CREDIT,19378.78,2019-10-07
645,146,46,SAVINGS,130334.95,2019-10-08
646,147,47,CHECKING,73886.36,2019-10-09
647,148,48,CREDIT,130971.6,2019-10-10
648,149,49,SAVINGS,86322.6,2019-10-11
649,150,50,CHECKING,70674.84,2019-10-12
650,151,1,CREDIT,66350.09,2019-10-13
651,152,2,SAVINGS,28062.37,2019-10-14
652,153,3,CHECKING,8180.82,2019-10-15
653,154,4,CREDIT,141189.01,2019-10-16
654,155,5,SAVINGS,71920.51,2019-10-17
655,156,6,CHECKING,123406.29,2019-10-18
656,157,7,CREDIT,60405.76,2019-10-19
657,158,8,SAVINGS,11575.28,2019-10-20
658,159,9,CHECKING,94602.13,2019-10-21
659,160,10,CREDIT,8514.56,2019-10-22
660,161,11,SAVINGS,22805.04,2019-10-23
661,162,12,CHECKING,84644.52,2019-10-24
662,163,13,CREDIT,45923.41,2019-10-25
663,164,14,SAVINGS,149090.76,2019-10-26
664,165,15,CHECKING,18208.51,2019-10-27
665,166,16,CREDIT,114784.3,2019-10-28
666,167,17,SAVINGS,91144.49,2019-10-29
667,168,18,CHECKING,118715.75,2019-10-30
668,169,19,CREDIT,34240.23,2019-10-31
669,170,20,SAVINGS,78624.59,2019-11-01
670,171,21,CHECKING,67851.91,2019-11-02
671,172,22,CREDIT,66686.79,2019-11-03
672,173,23,SAVINGS,129094.92,2019-11-04
673,174,24,CHECKING,148509.67,2019-11-05
674,175,25,CREDIT,46154.35,2019-11-06
675,176,26,SAVINGS,93343.58,2019-11-07
676,177,27,CHECKING,91639.82,2019-11-08
677,178,28,CREDIT,111143.35,2019-11-09
678,179,29,SAVINGS,142164.73,2019-11-10
679,180,30,CHECKING,31564.29,2019-11-11
680,181,31,CREDIT,32048.27,2019-11-12
681,182,32,SAVINGS,99234.01,2019-11-13
682,183,33,CHECKING,23980.04,2019-11-14
683,184,34,CREDIT,26485.13,2019-11-15
684,185,35,SAVINGS,11722.2,2019-11-16
685,186,36,CHECKING,900.02,2019-11-17
686,187,37,CREDIT,67850.3,2019-11-18
687,188,38,SAVINGS,89274.77,2019-11-19
688,189,39,CHECKING,44043.26,2019-11-20
689,190,40,CREDIT,35105.7,2019-11-21
690,191,41,SAVINGS,106189.9,2019-11-22
691,192,42,CHECKING,105596.64,2019-11-23
692,193,43,CREDIT,68377.68,2019-11-24
693,194,44,SAVINGS,103264.05,2019-11-25
694,195,45,CHECKING,138624.7,2019-11-26
695,196,46,CREDIT,118280.29,2019-11-27
696,197,47,SAVINGS,93946.17,2019-11-28
697,198,48,CHECKING,99346.86,2019-11-29
698,199,49,CREDIT,140083.43,2019-11-30
699,200,50,SAVINGS,64058.28,2019-12-01
700,201,1,CHECKING,81912.08,2019-12-02
701,202,2,CREDIT,97321.39,2019-12-03
702,203,3,SAVINGS,136307.51,2019-12-04
703,204,4,CHECKING,124081.36,2019-12-05
704,205,5,CREDIT,11175.77,2019-12-06
705,206,6,SAVINGS,25305.46,2019-12-07
706,207,7,CHECKING,46487.97,2019-12-08
707,208,8,CREDIT,112469.18,2019-12-09
708,209,9,SAVINGS,85596.45,2019-12-10
709,210,10,CHECKING,43647.28,2019-12-11
710,211,11,CREDIT,19090.87,2019-12-12
711,212,12,SAVINGS,103457.36,2019-12-13
712,213,13,CHECKING,105110.19,2019-12-14
713,214,14,CREDIT,141430.1,2019-12-15
714,215,15,SAVINGS,75320.59,2019-12-16
715,216,16,CHECKING,74322.39,2019-12-17
716,217,17,CREDIT,12526.06,2019-12-18
717,218,18,SAVINGS,6459.19,2019-12-19
718,219,19,CHECKING,65088.29,2019-12-20
719,220,20,CREDIT,48687.08,2019-12-21
720,221,21,SAVINGS,37930.0,2019-12-22
721,222,22,CHECKING,14153.37,2019-12-23
722,223,23,CREDIT,144305.71,2019-12-24
723,224,24,SAVINGS,125475.81,2019-12-25
724,225,25,CHECKING,86492.27,2019-12-26
725,226,26,CREDIT,142642.55,2019-12-27
726,227,27,SAVINGS,149936.08,2019-12-28
727,228,28,CHECKING,101006.1,2019-12-29
728,229,29,CREDIT,40791.9,2019-12-30
729,230,30,SAVINGS,6514.64,2019-12-31
730,231,31,CHECKING,113562.19,2020-01-01
731,232,32,CREDIT,70839.87,2020-01-02
732,233,33,SAVINGS,97900.67,2020-01-03
733,234,34,CHECKING,137452.88,2020-01-04
734,235,35,CREDIT,27632.63,2020-01-05
735,236,36,SAVINGS,88006.78,2020-01-06
736,237,37,CHECKING,95400.32,2020-01-07
737,238,38,CREDIT,74013.01,2020-01-08
738,239,39,SAVINGS,14140.74,2020-01-09
739,240,40,CHECKING,52520.18,2020-01-10
740,241,41,CREDIT,50329.6,2020-01-11
741,242,42,SAVINGS,100684.96,2020-01-12
742,243,43,CHECKING,128731.1,2020-01-13
743,244,44,CREDIT,49805.65,2020-01-14
744,245,45,SAVINGS,104204.21,2020-01-15
745,246,46,CHECKING,43588.56,2020-01-16
746,247,47,CREDIT,141806.43,2020-01-17
747,248,48,SAVINGS,122128.12,2020-01-18
748,249,49,CHECKING,82739.44,2020-01-19
749,250,50,CREDIT,68496.47,2020-01-20
750,251,1,SAVINGS,47520.31,2020-01-21
751,252,2,CHECKING,48829.43,2020-01-22
752,253,3,CREDIT,145542.62,2020-01-23
753,254,4,SAVINGS,60924.17,2020-01-24
754,255,5,CHECKING,77432.14,2020-01-25
755,256,6,CREDIT,148223.82,2020-01-26
756,257,7,SAVINGS,98820.23,2020-01-27
757,258,8,CHECKING,81617.74,2020-01-28
758,259,9,CREDIT,62280.51,2020-01-29
759,260,10,SAVINGS,28543.59,2020-01-30
760,261,11,CHECKING,54586.01,2020-01-31
761,262,12,CREDIT,113588.25,2020-02-01
762,263,13,SAVINGS,93998.61,2020-02-02
763,264,14,CHECKING,114118.59,2020-02-03
764,265,15,CREDIT,30931.96,2020-02-04
765,266,16,SAVINGS,82608.34,2020-02-05
766,267,17,CHECKING,139187.08,2020-02-06
767,268,18,CREDIT,65998.36,2020-02-07
768,269,19,SAVINGS,104888.38,2020-02-08
769,270,20,CHECKING,18653.2,2020-02-09
770,271,21,CREDIT,145985.45,2020-02-10
771,272,22,SAVINGS,91526.31,2020-02-11
772,273,23,CHECKING,36274.97,2020-02-12
773,274,24,CREDIT,24177.54,2020-02-13
774,275,25,SAVINGS,82850.43,2020-02-14
775,276,26,CHECKING,83061.59,2020-02-15
776,277,27,CREDIT,14434.78,2020-02-16
777,278,28,SAVINGS,148842.44,2020-02-17
778,279,29,CHECKING,136983.02,2020-02-18
779,280,30,CREDIT,69486.46,2020-02-19
780,281,31,SAVINGS,18061.19,2020-02-20
781,282,32,CHECKING,124905.4,2020-02-21
782,283,33,CREDIT,75007.14,2020-02-22
783,284,34,SAVINGS,107632.2,2020-02-23
784,285,35,CHECKING,76576.37,2020-02-24
785,286,36,CREDIT,41377.02,2020-02-25
786,287,37,SAVINGS,125291.23,2020-02-26
787,288,38,CHECKING,147046.57,2020-02-27
788,289,39,CREDIT,36937.77,2020-02-28
789,290,40,SAVINGS,82914.13,2020-02-29
790,291,41,CHECKING,57846.11,2020-03-01
791,292,42,CREDIT,138319.29,2020-03-02
792,293,43,SAVINGS,76482.01,2020-03-03
793,294,44,CHECKING,131959.28,2020-03-04
794,295,45,CREDIT,129672.03,2020-03-05
795,296,46,SAVINGS,41798.99,2020-03-06
796,297,47,CHECKING,118605.92,2020-03-07
797,298,48,CREDIT,62533.89,2020-03-08
798,299,49,SAVINGS,140170.13,2020-03-09
799,300,50,CHECKING,76406.78,2020-03-10
800,301,1,CREDIT,123172.15,2020-03-11
801,302,2,SAVINGS,42784.43,2020-03-12
802,303,3,CHECKING,45134.1,2020-03-13
803,304,4,CREDIT,88247.19,2020-03-14
804,305,5,SAVINGS,149835.9,2020-03-15
805,306,6,CHECKING,73701.23,2020-03-16
806,307,7,CREDIT,22715.02,2020-03-17
807,308,8,SAVINGS,81017.8,2020-03-18
808,309,9,CHECKING,52096.03,2020-03-19
809,310,10,CREDIT,83011.65,2020-03-20
810,311,11,SAVINGS,81742.79,2020-03-21
811,312,12,CHECKING,68574.02,2020-03-22
812,313,13,CREDIT,48605.71,2020-03-23
813,314,14,SAVINGS,28703.53,2020-03-24
814,315,15,CHECKING,104776.01,2020-03-25
815,316,16,CREDIT,85983.75,2020-03-26
816,317,17,SAVINGS,35417.59,2020-03-27
817,318,18,CHECKING,116443.9,2020-03-28
818,319,19,CREDIT,7025.27,2020-03-29
819,320,20,SAVINGS,111833.42,2020-03-30
820,321,21,CHECKING,105931.57,2020-03-31
821,322,22,CREDIT,121805.63,2020-04-01
822,323,23,SAVINGS,58218.77,2020-04-02
823,324,24,CHECKING,99721.48,2020-04-03
824,325,25,CREDIT,123201.76,2020-04-04
825,326,26,SAVINGS,147132.31,2020-04-05
826,327,27,CHECKING,74551.63,2020-04-06
827,328,28,CREDIT,6034.43,2020-04-07
828,329,29,SAVINGS,75592.53,2020-04-08
829,330,30,CHECKING,88731.97,2020-04-09
830,331,31,CREDIT,130520.2,2020-04-10
831,332,32,SAVINGS,131191.46,2020-04-11
832,333,33,CHECKING,66325.78,2020-04-12
833,334,34,CREDIT,79129.69,2020-04-13
834,335,35,SAVINGS,68810.75,2020-04-14
835,336,36,CHECKING,108505.35,2020-04-15
836,337,37,CREDIT,61791.8,2020-04-16
837,338,38,SAVINGS,98389.81,2020-04-17
838,339,39,CHECKING,23577.0,2020-04-18
839,340,40,CREDIT,70688.84,2020-04-19
840,341,41,SAVINGS,145395.94,2020-04-20
841,342,42,CHECKING,51114.9,2020-04-21
842,343,43,CREDIT,104059.34,2020-04-22
843,344,44,SAVINGS,97650.58,2020-04-23
844,345,45,CHECKING,127838.91,2020-04-24
845,346,46,CREDIT,127925.03,2020-04-25
846,347,47,SAVINGS,128971.66,2020-04-26
847,348,48,CHECKING,57311.4,2020-04-27
848,349,49,CREDIT,47840.84,2020-04-28
849,350,50,SAVINGS,107948.26,2020-04-29
850,351,1,CHECKING,114030.57,2020-04-30
851,352,2,CREDIT,130921.26,2020-05-01
852,353,3,SAVINGS,5866.92,2020-05-02
853,354,4,CHECKING,10728.9,2020-05-03
854,355,5,CREDIT,94858.57,2020-05-04
855,356,6,SAVINGS,138178.9,2020-05-05
856,357,7,CHECKING,149615.18,2020-05-06
857,358,8,CREDIT,112141.57,2020-05-07
858,359,9,SAVINGS,65378.74,2020-05-08
859,360,10,CHECKING,15217.25,2020-05-09
860,361,11,CREDIT,95245.3,2020-05-10
861,362,12,SAVINGS,130950.6,2020-05-11
862,363,13,CHECKING,66829.94,2020-05-12
863,364,14,CREDIT,104253.17,2020-05-13
864,365,15,SAVINGS,135561.9,2020-05-14
865,366,16,CHECKING,7375.65,2020-05-15
866,367,17,CREDIT,119523.45,2020-05-16
867,368,18,SAVINGS,44358.48,2020-05-17
868,369,19,CHECKING,56538.74,2020-05-18
869,370,20,CREDIT,22262.68,2020-05-19
870,371,21,SAVINGS,79909.36,2020-05-20
871,372,22,CHECKING,85106.25,2020-05-21
872,373,23,CREDIT,118981.66,2020-05-22
873,374,24,SAVINGS,25912.56,2020-05-23
874,375,25,CHECKING,12305.77,2020-05-24
875,376,26,CREDIT,130690.52,2020-05-25
876,377,27,SAVINGS,93146.7,2020-05-26
877,378,28,CHECKING,36504.05,2020-05-27
878,379,29,CREDIT,136967.94,2020-05-28
879,380,30,SAVINGS,21896.1,2020-05-29
880,381,31,CHECKING,69441.91,2020-05-30
881,382,32,CREDIT,38469.61,2020-05-31
882,383,33,SAVINGS,38671.34,2020-06-01
883,384,34,CHECKING,1904.92,2020-06-02
884,385,35,CREDIT,120792.65,2020-06-03
885,386,36,SAVINGS,135230.81,2020-06-04
886,387,37,CHECKING,101802.83,2020-06-05
887,388,38,CREDIT,24117.36,2020-06-06
888,389,39,SAVINGS,66538.6,2020-06-07
889,390,40,CHECKING,52162.06,2020-06-08
890,391,41,CREDIT,88341.97,2020-06-09
891,392,42,SAVINGS,96021.34,2020-06-10
892,393,43,CHECKING,63934.19,2020-06-11
893,394,44,CREDIT,37889.68,2020-06-12
894,395,45,SAVINGS,126872.94,2020-06-13
895,396,46,CHECKING,30282.94,2020-06-14
896,397,47,CREDIT,58011.64,2020-06-15
897,398,48,SAVINGS,72739.61,2020-06-16
898,399,49,CHECKING,35962.25,2020-06-17
899,400,50,CREDIT,86002.44,2020-06-18
900,401,1,SAVINGS,86434.38,2020-06-19
901,402,2,CHECKING,148907.46,2020-06-20
902,403,3,CREDIT,44637.0,2020-06-21
903,404,4,SAVINGS,146702.7,2020-06-22
904,405,5,CHECKING,98905.36,2020-06-23
905,406,6,CREDIT,41534.82,2020-06-24
906,407,7,SAVINGS,85106.39,2020-06-25
907,408,8,CHECKING,103027.02,2020-06-26
908,409,9,CREDIT,111827.99,2020-06-27
909,410,10,SAVINGS,7832.12,2020-06-28
910,411,11,CHECKING,91157.77,2020-06-29
911,412,12,CREDIT,74760.73,2020-06-30
912,413,13,SAVINGS,135671.22,2020-07-01
913,414,14,CHECKING,43286.03,2020-07-02
914,415,15,CREDIT,119929.59,2020-07-03
915,416,16,SAVINGS,91256.22,2020-07-04
916,417,17,CHECKING,53171.98,2020-07-05
917,418,18,CREDIT,95674.37,2020-07-06
918,419,19,SAVINGS,93323.23,2020-07-07
919,420,20,CHECKING,101825.79,2020-07-08
920,421,21,CREDIT,108278.79,2020-07-09
921,422,22,SAVINGS,99047.64,2020-07-10
922,423,23,CHECKING,125831.4,2020-07-11
923,424,24,CREDIT,94423.09,2020-07-12
924,425,25,SAVINGS,135558.85,2020-07-13
925,426,26,CHECKING,97127.92,2020-07-14
926,427,27,CREDIT,46685.47,2020-07-15
927,428,28,SAVINGS,66403.07,2020-07-16
928,429,29,CHECKING,87146.28,2020-07-17
929,430,30,CREDIT,109987.79,2020-07-18
930,431,31,SAVINGS,13974.94,2020-07-19
931,432,32,CHECKING,44619.01,2020-07-20
932,433,33,CREDIT,112248.39,2020-07-21
933,434,34,SAVINGS,26758.19,2020-07-22
934,435,35,CHECKING,20257.89,2020-07-23
935,436,36,CREDIT,81141.46,2020-07-24
936,437,37,SAVINGS,145737.69,2020-07-25
937,438,38,CHECKING,79862.43,2020-07-26
938,439,39,CREDIT,137066.3,2020-07-27
939,440,40,SAVINGS,124655.66,2020-07-28
940,441,41,CHECKING,38917.03,2020-07-29
941,442,42,CREDIT,123791.13,2020-07-30
942,443,43,SAVINGS,72536.25,2020-07-31
943,444,44,CHECKING,121070.03,2020-08-01
944,445,45,CREDIT,112110.62,2020-08-02
945,446,46,SAVINGS,51137.93,2020-08-03
946,447,47,CHECKING,17717.87,2020-08-04
947,448,48,CREDIT,144452.55,2020-08-05
948,449,49,SAVINGS,21543.17,2020-08-06
949,450,50,CHECKING,144991.78,2020-08-07
950,451,1,CREDIT,129091.02,2020-08-08
951,452,2,SAVINGS,108770.4,2020-08-09
952,453,3,CHECKING,147001.37,2020-08-10
953,454,4,CREDIT,145106.83,2020-08-11
954,455,5,SAVINGS,120785.85,2020-08-12
955,456,6,CHECKING,55183.37,2020-08-13
956,457,7,CREDIT,118706.95,2020-08-14
957,458,8,SAVINGS,2580.84,2020-08-15
958,459,9,CHECKING,80717.56,2020-08-16
959,460,10,CREDIT,68490.51,2020-08-17
960,461,11,SAVINGS,101087.84,2020-08-18
961,462,12,CHECKING,101014.95,2020-08-19
962,463,13,CREDIT,87891.73,2020-08-20
963,464,14,SAVINGS,123451.39,2020-08-21
964,465,15,CHECKING,141073.64,2020-08-22
965,466,16,CREDIT,16697.74,2020-08-23
966,467,17,SAVINGS,35456.37,2020-08-24
967,468,18,CHECKING,4241.19,2020-08-25
968,469,19,CREDIT,132693.11,2020-08-26
969,470,20,SAVINGS,84430.4,2020-08-27
970,471,21,CHECKING,137330.76,2020-08-28
971,472,22,CREDIT,33594.4,2020-08-29
972,473,23,SAVINGS,9950.95,2020-08-30
973,474,24,CHECKING,123666.38,2020-08-31
974,475,25,CREDIT,136453.45,2020-09-01
975,476,26,SAVINGS,45677.43,2020-09-02
976,477,27,CHECKING,61540.23,2020-09-03
977,478,28,CREDIT,21396.66,2020-09-04
978,479,29,SAVINGS,141966.1,2020-09-05
979,480,30,CHECKING,46002.51,2020-09-06
980,481,31,CREDIT,74147.38,2020-09-07
981,482,32,SAVINGS,15030.2,2020-09-08
982,483,33,CHECKING,133145.27,2020-09-09
983,484,34,CREDIT,20781.78,2020-09-10
984,485,35,SAVINGS,68319.74,2020-09-11
985,486,36,CHECKING,100737.69,2020-09-12
986,487,37,CREDIT,111599.45,2020-09-13
987,488,38,SAVINGS,141923.13,2020-09-14
988,489,39,CHECKING,63159.45,2020-09-15
989,490,40,CREDIT,111469.22,2020-09-16
990,491,41,SAVINGS,23601.17,2020-09-17
991,492,42,CHECKING,62525.24,2020-09-18
992,493,43,CREDIT,15303.73,2020-09-19
993,494,44,SAVINGS,73657.38,2020-09-20
994,495,45,CHECKING,61513.32,2020-09-21
995,496,46,CREDIT,142752.47,2020-09-22
996,497,47,SAVINGS,5391.08,2020-09-23
997,498,48,CHECKING,55894.23,2020-09-24
998,499,49,CREDIT,66785.77,2020-09-25
999,500,50,SAVINGS,142608.0,2020-09-26
1000,1,1,CHECKING,128389.8,2020-09-27
