customer_id,first_name,last_name,email,phone,date_of_birth,city
1,Ivan,Shevchenko,customer1@bank.ua,+380500000001,1960-01-31,Lviv
2,Maria,Bondarenko,customer2@bank.ua,+380500000002,1960-03-01,Kharkiv
3,Andriy,Kravchenko,customer3@bank.ua,+380500000003,1960-03-31,Odessa
4,Natalia,Tkachenko,customer4@bank.ua,+380500000004,1960-04-30,Dnipro
5,Dmytro,Marchenko,customer5@bank.ua,+380500000005,1960-05-30,Zaporizhzhia
6,Yulia,Lysenko,customer6@bank.ua,+380500000006,1960-06-29,Vinnytsia
7,Oleksiy,Petrenko,customer7@bank.ua,+380500000007,1960-07-29,Poltava
8,Iryna,Moroz,customer8@bank.ua,+380500000008,1960-08-28,Cherkasy
9,Mykola,Savchenko,customer9@bank.ua,+380500000009,1960-09-27,Sumy
10,Tetyana,Boyko,customer10@bank.ua,+380500000010,1960-10-27,Kyiv
11,Vasyl,Kovalchuk,customer11@bank.ua,+380500000011,1960-11-26,Lviv
12,Oksana,Rudenko,customer12@bank.ua,+380500000012,1960-12-26,Kharkiv
13,Serhiy,Zinchenko,customer13@bank.ua,+380500000013,1961-01-25,Odessa
14,Larysa,Sydorenko,customer14@bank.ua,+380500000014,1961-02-24,Dnipro
15,Bohdan,Mel'nyk,customer15@bank.ua,+380500000015,1961-03-26,Zaporizhzhia
16,Halyna,Ponomarenko,customer16@bank.ua,+380500000016,1961-04-25,Vinnytsia
17,Taras,Hrytsenko,customer17@bank.ua,+380500000017,1961-05-25,Poltava
18,Svitlana,Pavlenko,customer18@bank.ua,+380500000018,1961-06-24,Cherkasy
19,Roman,Karpenko,customer19@bank.ua,+380500000019,1961-07-24,Sumy
20,Anna,Kharchenko,customer20@bank.ua,+380500000020,1961-08-23,Kyiv
21,Viktor,Volkov,customer21@bank.ua,+380500000021,1961-09-22,Lviv
22,Liudmyla,Goncharenko,customer22@bank.ua,+380500000022,1961-10-22,Kharkiv
23,Maksym,Moskalenko,customer23@bank.ua,+380500000023,1961-11-21,Odessa
24,Darya,Tymoshenko,customer24@bank.ua,+380500000024,1961-12-21,Dnipro
25,Pavlo,Yakovenko,customer25@bank.ua,+380500000025,1962-01-20,Zaporizhzhia
26,Kateryna,Fedorenko,customer26@bank.ua,+380500000026,1962-02-19,Vinnytsia
27,Artem,Ivanova,customer27@bank.ua,+380500000027,1962-03-21,Poltava
28,Olha,Nazar,customer28@bank.ua,+380500000028,1962-04-20,Cherkasy
29,Yuriy,Oliynyk,customer29@bank.ua,+380500000029,1962-05-20,Sumy
30,Olena,Kovalenko,customer30@bank.ua,+380500000030,1962-06-19,Kyiv
31,Ivan,Shevchenko,customer31@bank.ua,+380500000031,1962-07-19,Lviv
32,Maria,Bondarenko,customer32@bank.ua,+380500000032,1962-08-18,Kharkiv
33,Andriy,Kravchenko,customer33@bank.ua,+380500000033,1962-09-17,Odessa
34,Natalia,Tkachenko,customer34@bank.ua,+380500000034,1962-10-17,Dnipro
35,Dmytro,Marchenko,customer35@bank.ua,+380500000035,1962-11-16,Zaporizhzhia
36,Yulia,Lysenko,customer36@bank.ua,+380500000036,1962-12-16,Vinnytsia
37,Oleksiy,Petrenko,customer37@bank.ua,+380500000037,1963-01-15,Poltava
38,Iryna,Moroz,customer38@bank.ua,+380500000038,1963-02-14,Cherkasy
39,Mykola,Savchenko,customer39@bank.ua,+380500000039,1963-03-16,Sumy
40,Tetyana,Boyko,customer40@bank.ua,+380500000040,1963-04-15,Kyiv
41,Vasyl,Kovalchuk,customer41@bank.ua,+380500000041,1963-05-15,Lviv
42,Oksana,Rudenko,customer42@bank.ua,+380500000042,1963-06-14,Kharkiv
43,Serhiy,Zinchenko,customer43@bank.ua,+380500000043,1963-07-14,Odessa
44,Larysa,Sydorenko,customer44@bank.ua,+380500000044,1963-08-13,Dnipro
45,Bohdan,Mel'nyk,customer45@bank.ua,+380500000045,1963-09-12,Zaporizhzhia
46,Halyna,Ponomarenko,customer46@bank.ua,+380500000046,1963-10-12,Vinnytsia
47,Taras,Hrytsenko,customer47@bank.ua,+380500000047,1963-11-11,Poltava
48,Svitlana,Pavlenko,customer48@bank.ua,+380500000048,1963-12-11,Cherkasy
49,Roman,Karpenko,customer49@bank.ua,+380500000049,1964-01-10,Sumy
50,Anna,Kharchenko,customer50@bank.ua,+380500000050,1964-02-09,Kyiv
51,Viktor,Volkov,customer51@bank.ua,+380500000051,1964-03-10,Lviv
52,Liudmyla,Goncharenko,customer52@bank.ua,+380500000052,1964-04-09,Kharkiv
53,Maksym,Moskalenko,customer53@bank.ua,+380500000053,1964-05-09,Odessa
54,Darya,Tymoshenko,customer54@bank.ua,+380500000054,1964-06-08,Dnipro
55,Pavlo,Yakovenko,customer55@bank.ua,+380500000055,1964-07-08,Zaporizhzhia
56,Kateryna,Fedorenko,customer56@bank.ua,+380500000056,1964-08-07,Vinnytsia
57,Artem,Ivanova,customer57@bank.ua,+380500000057,1964-09-06,Poltava
58,Olha,Nazar,customer58@bank.ua,+380500000058,1964-10-06,Cherkasy
59,Yuriy,Oliynyk,customer59@bank.ua,+380500000059,1964-11-05,Sumy
60,Olena,Kovalenko,customer60@bank.ua,+380500000060,1964-12-05,Kyiv
61,Ivan,Shevchenko,customer61@bank.ua,+380500000061,1965-01-04,Lviv
62,Maria,Bondarenko,customer62@bank.ua,+380500000062,1965-02-03,Kharkiv
63,Andriy,Kravchenko,customer63@bank.ua,+380500000063,1965-03-05,Odessa
64,Natalia,Tkachenko,customer64@bank.ua,+380500000064,1965-04-04,Dnipro
65,Dmytro,Marchenko,customer65@bank.ua,+380500000065,1965-05-04,Zaporizhzhia
66,Yulia,Lysenko,customer66@bank.ua,+380500000066,1965-06-03,Vinnytsia
67,Oleksiy,Petrenko,customer67@bank.ua,+380500000067,1965-07-03,Poltava
68,Iryna,Moroz,customer68@bank.ua,+380500000068,1965-08-02,Cherkasy
69,Mykola,Savchenko,customer69@bank.ua,+380500000069,1965-09-01,Sumy
70,Tetyana,Boyko,customer70@bank.ua,+380500000070,1965-10-01,Kyiv
71,Vasyl,Kovalchuk,customer71@bank.ua,+380500000071,1965-10-31,Lviv
72,Oksana,Rudenko,customer72@bank.ua,+380500000072,1965-11-30,Kharkiv
73,Serhiy,Zinchenko,customer73@bank.ua,+380500000073,1965-12-30,Odessa
74,Larysa,Sydorenko,customer74@bank.ua,+380500000074,1966-01-29,Dnipro
75,Bohdan,Mel'nyk,customer75@bank.ua,+380500000075,1966-02-28,Zaporizhzhia
76,Halyna,Ponomarenko,customer76@bank.ua,+380500000076,1966-03-30,Vinnytsia
77,Taras,Hrytsenko,customer77@bank.ua,+380500000077,1966-04-29,Poltava
78,Svitlana,Pavlenko,customer78@bank.ua,+380500000078,1966-05-29,Cherkasy
79,Roman,Karpenko,customer79@bank.ua,+380500000079,1966-06-28,Sumy
80,Anna,Kharchenko,customer80@bank.ua,+380500000080,1966-07-28,Kyiv
81,Viktor,Volkov,customer81@bank.ua,+380500000081,1966-08-27,Lviv
82,Liudmyla,Goncharenko,customer82@bank.ua,+380500000082,1966-09-26,Kharkiv
83,Maksym,Moskalenko,customer83@bank.ua,+380500000083,1966-10-26,Odessa
84,Darya,Tymoshenko,customer84@bank.ua,+380500000084,1966-11-25,Dnipro
85,Pavlo,Yakovenko,customer85@bank.ua,+380500000085,1966-12-25,Zaporizhzhia
86,Kateryna,Fedorenko,customer86@bank.ua,+380500000086,1967-01-24,Vinnytsia
87,Artem,Ivanova,customer87@bank.ua,+380500000087,1967-02-23,Poltava
88,Olha,Nazar,customer88@bank.ua,+380500000088,1967-03-25,Cherkasy
89,Yuriy,Oliynyk,customer89@bank.ua,+380500000089,1967-04-24,Sumy
90,Olena,Kovalenko,customer90@bank.ua,+380500000090,1967-05-24,Kyiv
91,Ivan,Shevchenko,customer91@bank.ua,+380500000091,1967-06-23,Lviv
92,Maria,Bondarenko,customer92@bank.ua,+380500000092,1967-07-23,Kharkiv
93,Andriy,Kravchenko,customer93@bank.ua,+380500000093,1967-08-22,Odessa
94,Natalia,Tkachenko,customer94@bank.ua,+380500000094,1967-09-21,Dnipro
95,Dmytro,Marchenko,customer95@bank.ua,+380500000095,1967-10-21,Zaporizhzhia
96,Yulia,Lysenko,customer96@bank.ua,+380500000096,1967-11-20,Vinnytsia
97,Oleksiy,Petrenko,customer97@bank.ua,+380500000097,1967-12-20,Poltava
98,Iryna,Moroz,customer98@bank.ua,+380500000098,1968-01-19,Cherkasy
99,Mykola,Savchenko,customer99@bank.ua,+380500000099,1968-02-18,Sumy
100,Tetyana,Boyko,customer100@bank.ua,+380500000100,1968-03-19,Kyiv
101,Vasyl,Kovalchuk,customer101@bank.ua,+380500000101,1968-04-18,Lviv
102,Oksana,Rudenko,customer102@bank.ua,+380500000102,1968-05-18,Kharkiv
103,Serhiy,Zinchenko,customer103@bank.ua,+380500000103,1968-06-17,Odessa
104,Larysa,Sydorenko,customer104@bank.ua,+380500000104,1968-07-17,Dnipro
105,Bohdan,Mel'nyk,customer105@bank.ua,+380500000105,1968-08-16,Zaporizhzhia
106,Halyna,Ponomarenko,customer106@bank.ua,+380500000106,1968-09-15,Vinnytsia
107,Taras,Hrytsenko,customer107@bank.ua,+380500000107,1968-10-15,Poltava
108,Svitlana,Pavlenko,customer108@bank.ua,+380500000108,1968-11-14,Cherkasy
109,Roman,Karpenko,customer109@bank.ua,+380500000109,1968-12-14,Sumy
110,Anna,Kharchenko,customer110@bank.ua,+380500000110,1969-01-13,Kyiv
111,Viktor,Volkov,customer111@bank.ua,+380500000111,1969-02-12,Lviv
112,Liudmyla,Goncharenko,customer112@bank.ua,+380500000112,1969-03-14,Kharkiv
113,Maksym,Moskalenko,customer113@bank.ua,+380500000113,1969-04-13,Odessa
114,Darya,Tymoshenko,customer114@bank.ua,+380500000114,1969-05-13,Dnipro
115,Pavlo,Yakovenko,customer115@bank.ua,+380500000115,1969-06-12,Zaporizhzhia
116,Kateryna,Fedorenko,customer116@bank.ua,+380500000116,1969-07-12,Vinnytsia
117,Artem,Ivanova,customer117@bank.ua,+380500000117,1969-08-11,Poltava
118,Olha,Nazar,customer118@bank.ua,+380500000118,1969-09-10,Cherkasy
119,Yuriy,Oliynyk,customer119@bank.ua,+380500000119,1969-10-10,Sumy
120,Olena,Kovalenko,customer120@bank.ua,+380500000120,1969-11-09,Kyiv
121,Ivan,Shevchenko,customer121@bank.ua,+380500000121,1969-12-09,Lviv
122,Maria,Bondarenko,customer122@bank.ua,+380500000122,1970-01-08,Kharkiv
123,Andriy,Kravchenko,customer123@bank.ua,+380500000123,1970-02-07,Odessa
124,Natalia,Tkachenko,customer124@bank.ua,+380500000124,1970-03-09,Dnipro
125,Dmytro,Marchenko,customer125@bank.ua,+380500000125,1970-04-08,Zaporizhzhia
126,Yulia,Lysenko,customer126@bank.ua,+380500000126,1970-05-08,Vinnytsia
127,Oleksiy,Petrenko,customer127@bank.ua,+380500000127,1970-06-07,Poltava
128,Iryna,Moroz,customer128@bank.ua,+380500000128,1970-07-07,Cherkasy
129,Mykola,Savchenko,customer129@bank.ua,+380500000129,1970-08-06,Sumy
130,Tetyana,Boyko,customer130@bank.ua,+380500000130,1970-09-05,Kyiv
131,Vasyl,Kovalchuk,customer131@bank.ua,+380500000131,1970-10-05,Lviv
132,Oksana,Rudenko,customer132@bank.ua,+380500000132,1970-11-04,Kharkiv
133,Serhiy,Zinchenko,customer133@bank.ua,+380500000133,1970-12-04,Odessa
134,Larysa,Sydorenko,customer134@bank.ua,+380500000134,1971-01-03,Dnipro
135,Bohdan,Mel'nyk,customer135@bank.ua,+380500000135,1971-02-02,Zaporizhzhia
136,Halyna,Ponomarenko,customer136@bank.ua,+380500000136,1971-03-04,Vinnytsia
137,Taras,Hrytsenko,customer137@bank.ua,+380500000137,1971-04-03,Poltava
138,Svitlana,Pavlenko,customer138@bank.ua,+380500000138,1971-05-03,Cherkasy
139,Roman,Karpenko,customer139@bank.ua,+380500000139,1971-06-02,Sumy
140,Anna,Kharchenko,customer140@bank.ua,+380500000140,1971-07-02,Kyiv
141,Viktor,Volkov,customer141@bank.ua,+380500000141,1971-08-01,Lviv
142,Liudmyla,Goncharenko,customer142@bank.ua,+380500000142,1971-08-31,Kharkiv
143,Maksym,Moskalenko,customer143@bank.ua,+380500000143,1971-09-30,Odessa
144,Darya,Tymoshenko,customer144@bank.ua,+380500000144,1971-10-30,Dnipro
145,Pavlo,Yakovenko,customer145@bank.ua,+380500000145,1971-11-29,Zaporizhzhia
146,Kateryna,Fedorenko,customer146@bank.ua,+380500000146,1971-12-29,Vinnytsia
147,Artem,Ivanova,customer147@bank.ua,+380500000147,1972-01-28,Poltava
148,Olha,Nazar,customer148@bank.ua,+380500000148,1972-02-27,Cherkasy
149,Yuriy,Oliynyk,customer149@bank.ua,+380500000149,1972-03-28,Sumy
150,Olena,Kovalenko,customer150@bank.ua,+380500000150,1972-04-27,Kyiv
151,Ivan,Shevchenko,customer151@bank.ua,+380500000151,1972-05-27,Lviv
152,Maria,Bondarenko,customer152@bank.ua,+380500000152,1972-06-26,Kharkiv
153,Andriy,Kravchenko,customer153@bank.ua,+380500000153,1972-07-26,Odessa
154,Natalia,Tkachenko,customer154@bank.ua,+380500000154,1972-08-25,Dnipro
155,Dmytro,Marchenko,customer155@bank.ua,+380500000155,1972-09-24,Zaporizhzhia
156,Yulia,Lysenko,customer156@bank.ua,+380500000156,1972-10-24,Vinnytsia
157,Oleksiy,Petrenko,customer157@bank.ua,+380500000157,1972-11-23,Poltava
158,Iryna,Moroz,customer158@bank.ua,+380500000158,1972-12-23,Cherkasy
159,Mykola,Savchenko,customer159@bank.ua,+380500000159,1973-01-22,Sumy
160,Tetyana,Boyko,customer160@bank.ua,+380500000160,1973-02-21,Kyiv
161,Vasyl,Kovalchuk,customer161@bank.ua,+380500000161,1973-03-23,Lviv
162,Oksana,Rudenko,customer162@bank.ua,+380500000162,1973-04-22,Kharkiv
163,Serhiy,Zinchenko,customer163@bank.ua,+380500000163,1973-05-22,Odessa
164,Larysa,Sydorenko,customer164@bank.ua,+380500000164,1973-06-21,Dnipro
165,Bohdan,Mel'nyk,customer165@bank.ua,+380500000165,1973-07-21,Zaporizhzhia
166,Halyna,Ponomarenko,customer166@bank.ua,+380500000166,1973-08-20,Vinnytsia
167,Taras,Hrytsenko,customer167@bank.ua,+380500000167,1973-09-19,Poltava
168,Svitlana,Pavlenko,customer168@bank.ua,+380500000168,1973-10-19,Cherkasy
169,Roman,Karpenko,customer169@bank.ua,+380500000169,1973-11-18,Sumy
170,Anna,Kharchenko,customer170@bank.ua,+380500000170,1973-12-18,Kyiv
171,Viktor,Volkov,customer171@bank.ua,+380500000171,1974-01-17,Lviv
172,Liudmyla,Goncharenko,customer172@bank.ua,+380500000172,1974-02-16,Kharkiv
173,Maksym,Moskalenko,customer173@bank.ua,+380500000173,1974-03-18,Odessa
174,Darya,Tymoshenko,customer174@bank.ua,+380500000174,1974-04-17,Dnipro
175,Pavlo,Yakovenko,customer175@bank.ua,+380500000175,1974-05-17,Zaporizhzhia
176,Kateryna,Fedorenko,customer176@bank.ua,+380500000176,1974-06-16,Vinnytsia
177,Artem,Ivanova,customer177@bank.ua,+380500000177,1974-07-16,Poltava
178,Olha,Nazar,customer178@bank.ua,+380500000178,1974-08-15,Cherkasy
179,Yuriy,Oliynyk,customer179@bank.ua,+380500000179,1974-09-14,Sumy
180,Olena,Kovalenko,customer180@bank.ua,+380500000180,1974-10-14,Kyiv
181,Ivan,Shevchenko,customer181@bank.ua,+380500000181,1974-11-13,Lviv
182,Maria,Bondarenko,customer182@bank.ua,+380500000182,1974-12-13,Kharkiv
183,Andriy,Kravchenko,customer183@bank.ua,+380500000183,1975-01-12,Odessa
184,Natalia,Tkachenko,customer184@bank.ua,+380500000184,1975-02-11,Dnipro
185,Dmytro,Marchenko,customer185@bank.ua,+380500000185,1975-03-13,Zaporizhzhia
186,Yulia,Lysenko,customer186@bank.ua,+380500000186,1975-04-12,Vinnytsia
187,Oleksiy,Petrenko,customer187@bank.ua,+380500000187,1975-05-12,Poltava
188,Iryna,Moroz,customer188@bank.ua,+380500000188,1975-06-11,Cherkasy
189,Mykola,Savchenko,customer189@bank.ua,+380500000189,1975-07-11,Sumy
190,Tetyana,Boyko,customer190@bank.ua,+380500000190,1975-08-10,Kyiv
191,Vasyl,Kovalchuk,customer191@bank.ua,+380500000191,1975-09-09,Lviv
192,Oksana,Rudenko,customer192@bank.ua,+380500000192,1975-10-09,Kharkiv
193,Serhiy,Zinchenko,customer193@bank.ua,+380500000193,1975-11-08,Odessa
194,Larysa,Sydorenko,customer194@bank.ua,+380500000194,1975-12-08,Dnipro
195,Bohdan,Mel'nyk,customer195@bank.ua,+380500000195,1976-01-07,Zaporizhzhia
196,Halyna,Ponomarenko,customer196@bank.ua,+380500000196,1976-02-06,Vinnytsia
197,Taras,Hrytsenko,customer197@bank.ua,+380500000197,1976-03-07,Poltava
198,Svitlana,Pavlenko,customer198@bank.ua,+380500000198,1976-04-06,Cherkasy
199,Roman,Karpenko,customer199@bank.ua,+380500000199,1976-05-06,Sumy
200,Anna,Kharchenko,customer200@bank.ua,+380500000200,1976-06-05,Kyiv
201,Viktor,Volkov,customer201@bank.ua,+380500000201,1976-07-05,Lviv
202,Liudmyla,Goncharenko,customer202@bank.ua,+380500000202,1976-08-04,Kharkiv
203,Maksym,Moskalenko,customer203@bank.ua,+380500000203,1976-09-03,Odessa
204,Darya,Tymoshenko,customer204@bank.ua,+380500000204,1976-10-03,Dnipro
205,Pavlo,Yakovenko,customer205@bank.ua,+380500000205,1976-11-02,Zaporizhzhia
206,Kateryna,Fedorenko,customer206@bank.ua,+380500000206,1976-12-02,Vinnytsia
207,Artem,Ivanova,customer207@bank.ua,+380500000207,1977-01-01,Poltava
208,Olha,Nazar,customer208@bank.ua,+380500000208,1977-01-31,Cherkasy
209,Yuriy,Oliynyk,customer209@bank.ua,+380500000209,1977-03-02,Sumy
210,Olena,Kovalenko,customer210@bank.ua,+380500000210,1977-04-01,Kyiv
211,Ivan,Shevchenko,customer211@bank.ua,+380500000211,1977-05-01,Lviv
212,Maria,Bondarenko,customer212@bank.ua,+380500000212,1977-05-31,Kharkiv
213,Andriy,Kravchenko,customer213@bank.ua,+380500000213,1977-06-30,Odessa
214,Natalia,Tkachenko,customer214@bank.ua,+380500000214,1977-07-30,Dnipro
215,Dmytro,Marchenko,customer215@bank.ua,+380500000215,1977-08-29,Zaporizhzhia
216,Yulia,Lysenko,customer216@bank.ua,+380500000216,1977-09-28,Vinnytsia
217,Oleksiy,Petrenko,customer217@bank.ua,+380500000217,1977-10-28,Poltava
218,Iryna,Moroz,customer218@bank.ua,+380500000218,1977-11-27,Cherkasy
219,Mykola,Savchenko,customer219@bank.ua,+380500000219,1977-12-27,Sumy
220,Tetyana,Boyko,customer220@bank.ua,+380500000220,1978-01-26,Kyiv
221,Vasyl,Kovalchuk,customer221@bank.ua,+380500000221,1978-02-25,Lviv
222,Oksana,Rudenko,customer222@bank.ua,+380500000222,1978-03-27,Kharkiv
223,Serhiy,Zinchenko,customer223@bank.ua,+380500000223,1978-04-26,Odessa
224,Larysa,Sydorenko,customer224@bank.ua,+380500000224,1978-05-26,Dnipro
225,Bohdan,Mel'nyk,customer225@bank.ua,+380500000225,1978-06-25,Zaporizhzhia
226,Halyna,Ponomarenko,customer226@bank.ua,+380500000226,1978-07-25,Vinnytsia
227,Taras,Hrytsenko,customer227@bank.ua,+380500000227,1978-08-24,Poltava
228,Svitlana,Pavlenko,customer228@bank.ua,+380500000228,1978-09-23,Cherkasy
229,Roman,Karpenko,customer229@bank.ua,+380500000229,1978-10-23,Sumy
230,Anna,Kharchenko,customer230@bank.ua,+380500000230,1978-11-22,Kyiv
231,Viktor,Volkov,customer231@bank.ua,+380500000231,1978-12-22,Lviv
232,Liudmyla,Goncharenko,customer232@bank.ua,+380500000232,1979-01-21,Kharkiv
233,Maksym,Moskalenko,customer233@bank.ua,+380500000233,1979-02-20,Odessa
234,Darya,Tymoshenko,customer234@bank.ua,+380500000234,1979-03-22,Dnipro
235,Pavlo,Yakovenko,customer235@bank.ua,+380500000235,1979-04-21,Zaporizhzhia
236,Kateryna,Fedorenko,customer236@bank.ua,+380500000236,1979-05-21,Vinnytsia
237,Artem,Ivanova,customer237@bank.ua,+380500000237,1979-06-20,Poltava
238,Olha,Nazar,customer238@bank.ua,+380500000238,1979-07-20,Cherkasy
239,Yuriy,Oliynyk,customer239@bank.ua,+380500000239,1979-08-19,Sumy
240,Olena,Kovalenko,customer240@bank.ua,+380500000240,1979-09-18,Kyiv
241,Ivan,Shevchenko,customer241@bank.ua,+380500000241,1979-10-18,Lviv
242,Maria,Bondarenko,customer242@bank.ua,+380500000242,1979-11-17,Kharkiv
243,Andriy,Kravchenko,customer243@bank.ua,+380500000243,1979-12-17,Odessa
244,Natalia,Tkachenko,customer244@bank.ua,+380500000244,1980-01-16,Dnipro
245,Dmytro,Marchenko,customer245@bank.ua,+380500000245,1980-02-15,Zaporizhzhia
246,Yulia,Lysenko,customer246@bank.ua,+380500000246,1980-03-16,Vinnytsia
247,Oleksiy,Petrenko,customer247@bank.ua,+380500000247,1980-04-15,Poltava
248,Iryna,Moroz,customer248@bank.ua,+380500000248,1980-05-15,Cherkasy
249,Mykola,Savchenko,customer249@bank.ua,+380500000249,1980-06-14,Sumy
250,Tetyana,Boyko,customer250@bank.ua,+380500000250,1980-07-14,Kyiv
251,Vasyl,Kovalchuk,customer251@bank.ua,+380500000251,1980-08-13,Lviv
252,Oksana,Rudenko,customer252@bank.ua,+380500000252,1980-09-12,Kharkiv
253,Serhiy,Zinchenko,customer253@bank.ua,+380500000253,1980-10-12,Odessa
254,Larysa,Sydorenko,customer254@bank.ua,+380500000254,1980-11-11,Dnipro
255,Bohdan,Mel'nyk,customer255@bank.ua,+380500000255,1980-12-11,Zaporizhzhia
256,Halyna,Ponomarenko,customer256@bank.ua,+380500000256,1981-01-10,Vinnytsia
257,Taras,Hrytsenko,customer257@bank.ua,+380500000257,1981-02-09,Poltava
258,Svitlana,Pavlenko,customer258@bank.ua,+380500000258,1981-03-11,Cherkasy
259,Roman,Karpenko,customer259@bank.ua,+380500000259,1981-04-10,Sumy
260,Anna,Kharchenko,customer260@bank.ua,+380500000260,1981-05-10,Kyiv
261,Viktor,Volkov,customer261@bank.ua,+380500000261,1981-06-09,Lviv
262,Liudmyla,Goncharenko,customer262@bank.ua,+380500000262,1981-07-09,Kharkiv
263,Maksym,Moskalenko,customer263@bank.ua,+380500000263,1981-08-08,Odessa
264,Darya,Tymoshenko,customer264@bank.ua,+380500000264,1981-09-07,Dnipro
265,Pavlo,Yakovenko,customer265@bank.ua,+380500000265,1981-10-07,Zaporizhzhia
266,Kateryna,Fedorenko,customer266@bank.ua,+380500000266,1981-11-06,Vinnytsia
267,Artem,Ivanova,customer267@bank.ua,+380500000267,1981-12-06,Poltava
268,Olha,Nazar,customer268@bank.ua,+380500000268,1982-01-05,Cherkasy
269,Yuriy,Oliynyk,customer269@bank.ua,+380500000269,1982-02-04,Sumy
270,Olena,Kovalenko,customer270@bank.ua,+380500000270,1982-03-06,Kyiv
271,Ivan,Shevchenko,customer271@bank.ua,+380500000271,1982-04-05,Lviv
272,Maria,Bondarenko,customer272@bank.ua,+380500000272,1982-05-05,Kharkiv
273,Andriy,Kravchenko,customer273@bank.ua,+380500000273,1982-06-04,Odessa
274,Natalia,Tkachenko,customer274@bank.ua,+380500000274,1982-07-04,Dnipro
275,Dmytro,Marchenko,customer275@bank.ua,+380500000275,1982-08-03,Zaporizhzhia
276,Yulia,Lysenko,customer276@bank.ua,+380500000276,1982-09-02,Vinnytsia
277,Oleksiy,Petrenko,customer277@bank.ua,+380500000277,1982-10-02,Poltava
278,Iryna,Moroz,customer278@bank.ua,+380500000278,1982-11-01,Cherkasy
279,Mykola,Savchenko,customer279@bank.ua,+380500000279,1982-12-01,Sumy
280,Tetyana,Boyko,customer280@bank.ua,+380500000280,1982-12-31,Kyiv
281,Vasyl,Kovalchuk,customer281@bank.ua,+380500000281,1983-01-30,Lviv
282,Oksana,Rudenko,customer282@bank.ua,+380500000282,1983-03-01,Kharkiv
283,Serhiy,Zinchenko,customer283@bank.ua,+380500000283,1983-03-31,Odessa
284,Larysa,Sydorenko,customer284@bank.ua,+380500000284,1983-04-30,Dnipro
285,Bohdan,Mel'nyk,customer285@bank.ua,+380500000285,1983-05-30,Zaporizhzhia
286,Halyna,Ponomarenko,customer286@bank.ua,+380500000286,1983-06-29,Vinnytsia
287,Taras,Hrytsenko,customer287@bank.ua,+380500000287,1983-07-29,Poltava
288,Svitlana,Pavlenko,customer288@bank.ua,+380500000288,1983-08-28,Cherkasy
289,Roman,Karpenko,customer289@bank.ua,+380500000289,1983-09-27,Sumy
290,Anna,Kharchenko,customer290@bank.ua,+380500000290,1983-10-27,Kyiv
291,Viktor,Volkov,customer291@bank.ua,+380500000291,1983-11-26,Lviv
292,Liudmyla,Goncharenko,customer292@bank.ua,+380500000292,1983-12-26,Kharkiv
293,Maksym,Moskalenko,customer293@bank.ua,+380500000293,1984-01-25,Odessa
294,Darya,Tymoshenko,customer294@bank.ua,+380500000294,1984-02-24,Dnipro
295,Pavlo,Yakovenko,customer295@bank.ua,+380500000295,1984-03-25,Zaporizhzhia
296,Kateryna,Fedorenko,customer296@bank.ua,+380500000296,1984-04-24,Vinnytsia
297,Artem,Ivanova,customer297@bank.ua,+380500000297,1984-05-24,Poltava
298,Olha,Nazar,customer298@bank.ua,+380500000298,1984-06-23,Cherkasy
299,Yuriy,Oliynyk,customer299@bank.ua,+380500000299,1984-07-23,Sumy
300,Olena,Kovalenko,customer300@bank.ua,+380500000300,1984-08-22,Kyiv
301,Ivan,Shevchenko,customer301@bank.ua,+380500000301,1984-09-21,Lviv
302,Maria,Bondarenko,customer302@bank.ua,+380500000302,1984-10-21,Kharkiv
303,Andriy,Kravchenko,customer303@bank.ua,+380500000303,1984-11-20,Odessa
304,Natalia,Tkachenko,customer304@bank.ua,+380500000304,1984-12-20,Dnipro
305,Dmytro,Marchenko,customer305@bank.ua,+380500000305,1985-01-19,Zaporizhzhia
306,Yulia,Lysenko,customer306@bank.ua,+380500000306,1985-02-18,Vinnytsia
307,Oleksiy,Petrenko,customer307@bank.ua,+380500000307,1985-03-20,Poltava
308,Iryna,Moroz,customer308@bank.ua,+380500000308,1985-04-19,Cherkasy
309,Mykola,Savchenko,customer309@bank.ua,+380500000309,1985-05-19,Sumy
310,Tetyana,Boyko,customer310@bank.ua,+380500000310,1985-06-18,Kyiv
311,Vasyl,Kovalchuk,customer311@bank.ua,+380500000311,1985-07-18,Lviv
312,Oksana,Rudenko,customer312@bank.ua,+380500000312,1985-08-17,Kharkiv
313,Serhiy,Zinchenko,customer313@bank.ua,+380500000313,1985-09-16,Odessa
314,Larysa,Sydorenko,customer314@bank.ua,+380500000314,1985-10-16,Dnipro
315,Bohdan,Mel'nyk,customer315@bank.ua,+380500000315,1985-11-15,Zaporizhzhia
316,Halyna,Ponomarenko,customer316@bank.ua,+380500000316,1985-12-15,Vinnytsia
317,Taras,Hrytsenko,customer317@bank.ua,+380500000317,1986-01-14,Poltava
318,Svitlana,Pavlenko,customer318@bank.ua,+380500000318,1986-02-13,Cherkasy
319,Roman,Karpenko,customer319@bank.ua,+380500000319,1986-03-15,Sumy
320,Anna,Kharchenko,customer320@bank.ua,+380500000320,1986-04-14,Kyiv
321,Viktor,Volkov,customer321@bank.ua,+380500000321,1986-05-14,Lviv
322,Liudmyla,Goncharenko,customer322@bank.ua,+380500000322,1986-06-13,Kharkiv
323,Maksym,Moskalenko,customer323@bank.ua,+380500000323,1986-07-13,Odessa
324,Darya,Tymoshenko,customer324@bank.ua,+380500000324,1986-08-12,Dnipro
325,Pavlo,Yakovenko,customer325@bank.ua,+380500000325,1986-09-11,Zaporizhzhia
326,Kateryna,Fedorenko,customer326@bank.ua,+380500000326,1986-10-11,Vinnytsia
327,Artem,Ivanova,customer327@bank.ua,+380500000327,1986-11-10,Poltava
328,Olha,Nazar,customer328@bank.ua,+380500000328,1986-12-10,Cherkasy
329,Yuriy,Oliynyk,customer329@bank.ua,+380500000329,1987-01-09,Sumy
330,Olena,Kovalenko,customer330@bank.ua,+380500000330,1987-02-08,Kyiv
331,Ivan,Shevchenko,customer331@bank.ua,+380500000331,1987-03-10,Lviv
332,Maria,Bondarenko,customer332@bank.ua,+380500000332,1987-04-09,Kharkiv
333,Andriy,Kravchenko,customer333@bank.ua,+380500000333,1987-05-09,Odessa
334,Natalia,Tkachenko,customer334@bank.ua,+380500000334,1987-06-08,Dnipro
335,Dmytro,Marchenko,customer335@bank.ua,+380500000335,1987-07-08,Zaporizhzhia
336,Yulia,Lysenko,customer336@bank.ua,+380500000336,1987-08-07,Vinnytsia
337,Oleksiy,Petrenko,customer337@bank.ua,+380500000337,1987-09-06,Poltava
338,Iryna,Moroz,customer338@bank.ua,+380500000338,1987-10-06,Cherkasy
339,Mykola,Savchenko,customer339@bank.ua,+380500000339,1987-11-05,Sumy
340,Tetyana,Boyko,customer340@bank.ua,+380500000340,1987-12-05,Kyiv
341,Vasyl,Kovalchuk,customer341@bank.ua,+380500000341,1988-01-04,Lviv
342,Oksana,Rudenko,customer342@bank.ua,+380500000342,1988-02-03,Kharkiv
343,Serhiy,Zinchenko,customer343@bank.ua,+380500000343,1988-03-04,Odessa
344,Larysa,Sydorenko,customer344@bank.ua,+380500000344,1988-04-03,Dnipro
345,Bohdan,Mel'nyk,customer345@bank.ua,+380500000345,1988-05-03,Zaporizhzhia
346,Halyna,Ponomarenko,customer346@bank.ua,+380500000346,1988-06-02,Vinnytsia
347,Taras,Hrytsenko,customer347@bank.ua,+380500000347,1988-07-02,Poltava
348,Svitlana,Pavlenko,customer348@bank.ua,+380500000348,1988-08-01,Cherkasy
349,Roman,Karpenko,customer349@bank.ua,+380500000349,1988-08-31,Sumy
350,Anna,Kharchenko,customer350@bank.ua,+380500000350,1988-09-30,Kyiv
351,Viktor,Volkov,customer351@bank.ua,+380500000351,1988-10-30,Lviv
352,Liudmyla,Goncharenko,customer352@bank.ua,+380500000352,1988-11-29,Kharkiv
353,Maksym,Moskalenko,customer353@bank.ua,+380500000353,1988-12-29,Odessa
354,Darya,Tymoshenko,customer354@bank.ua,+380500000354,1989-01-28,Dnipro
355,Pavlo,Yakovenko,customer355@bank.ua,+380500000355,1989-02-27,Zaporizhzhia
356,Kateryna,Fedorenko,customer356@bank.ua,+380500000356,1989-03-29,Vinnytsia
357,Artem,Ivanova,customer357@bank.ua,+380500000357,1989-04-28,Poltava
358,Olha,Nazar,customer358@bank.ua,+380500000358,1989-05-28,Cherkasy
359,Yuriy,Oliynyk,customer359@bank.ua,+380500000359,1989-06-27,Sumy
360,Olena,Kovalenko,customer360@bank.ua,+380500000360,1989-07-27,Kyiv
361,Ivan,Shevchenko,customer361@bank.ua,+380500000361,1989-08-26,Lviv
362,Maria,Bondarenko,customer362@bank.ua,+380500000362,1989-09-25,Kharkiv
363,Andriy,Kravchenko,customer363@bank.ua,+380500000363,1989-10-25,Odessa
364,Natalia,Tkachenko,customer364@bank.ua,+380500000364,1989-11-24,Dnipro
365,Dmytro,Marchenko,customer365@bank.ua,+380500000365,1989-12-24,Zaporizhzhia
366,Yulia,Lysenko,customer366@bank.ua,+380500000366,1990-01-23,Vinnytsia
367,Oleksiy,Petrenko,customer367@bank.ua,+380500000367,1990-02-22,Poltava
368,Iryna,Moroz,customer368@bank.ua,+380500000368,1990-03-24,Cherkasy
369,Mykola,Savchenko,customer369@bank.ua,+380500000369,1990-04-23,Sumy
370,Tetyana,Boyko,customer370@bank.ua,+380500000370,1990-05-23,Kyiv
371,Vasyl,Kovalchuk,customer371@bank.ua,+380500000371,1990-06-22,Lviv
372,Oksana,Rudenko,customer372@bank.ua,+380500000372,1990-07-22,Kharkiv
373,Serhiy,Zinchenko,customer373@bank.ua,+380500000373,1990-08-21,Odessa
374,Larysa,Sydorenko,customer374@bank.ua,+380500000374,1990-09-20,Dnipro
375,Bohdan,Mel'nyk,customer375@bank.ua,+380500000375,1990-10-20,Zaporizhzhia
376,Halyna,Ponomarenko,customer376@bank.ua,+380500000376,1990-11-19,Vinnytsia
377,Taras,Hrytsenko,customer377@bank.ua,+380500000377,1990-12-19,Poltava
378,Svitlana,Pavlenko,customer378@bank.ua,+380500000378,1991-01-18,Cherkasy
379,Roman,Karpenko,customer379@bank.ua,+380500000379,1991-02-17,Sumy
380,Anna,Kharchenko,customer380@bank.ua,+380500000380,1991-03-19,Kyiv
381,Viktor,Volkov,customer381@bank.ua,+380500000381,1991-04-18,Lviv
382,Liudmyla,Goncharenko,customer382@bank.ua,+380500000382,1991-05-18,Kharkiv
383,Maksym,Moskalenko,customer383@bank.ua,+380500000383,1991-06-17,Odessa
384,Darya,Tymoshenko,customer384@bank.ua,+380500000384,1991-07-17,Dnipro
385,Pavlo,Yakovenko,customer385@bank.ua,+380500000385,1991-08-16,Zaporizhzhia
386,Kateryna,Fedorenko,customer386@bank.ua,+380500000386,1991-09-15,Vinnytsia
387,Artem,Ivanova,customer387@bank.ua,+380500000387,1991-10-15,Poltava
388,Olha,Nazar,customer388@bank.ua,+380500000388,1991-11-14,Cherkasy
389,Yuriy,Oliynyk,customer389@bank.ua,+380500000389,1991-12-14,Sumy
390,Olena,Kovalenko,customer390@bank.ua,+380500000390,1992-01-13,Kyiv
391,Ivan,Shevchenko,customer391@bank.ua,+380500000391,1992-02-12,Lviv
392,Maria,Bondarenko,customer392@bank.ua,+380500000392,1992-03-13,Kharkiv
393,Andriy,Kravchenko,customer393@bank.ua,+380500000393,1992-04-12,Odessa
394,Natalia,Tkachenko,customer394@bank.ua,+380500000394,1992-05-12,Dnipro
395,Dmytro,Marchenko,customer395@bank.ua,+380500000395,1992-06-11,Zaporizhzhia
396,Yulia,Lysenko,customer396@bank.ua,+380500000396,1992-07-11,Vinnytsia
397,Oleksiy,Petrenko,customer397@bank.ua,+380500000397,1992-08-10,Poltava
398,Iryna,Moroz,customer398@bank.ua,+380500000398,1992-09-09,Cherkasy
399,Mykola,Savchenko,customer399@bank.ua,+380500000399,1992-10-09,Sumy
400,Tetyana,Boyko,customer400@bank.ua,+380500000400,1992-11-08,Kyiv
401,Vasyl,Kovalchuk,customer401@bank.ua,+380500000401,1992-12-08,Lviv
402,Oksana,Rudenko,customer402@bank.ua,+380500000402,1993-01-07,Kharkiv
403,Serhiy,Zinchenko,customer403@bank.ua,+380500000403,1993-02-06,Odessa
404,Larysa,Sydorenko,customer404@bank.ua,+380500000404,1993-03-08,Dnipro
405,Bohdan,Mel'nyk,customer405@bank.ua,+380500000405,1993-04-07,Zaporizhzhia
406,Halyna,Ponomarenko,customer406@bank.ua,+380500000406,1993-05-07,Vinnytsia
407,Taras,Hrytsenko,customer407@bank.ua,+380500000407,1993-06-06,Poltava
408,Svitlana,Pavlenko,customer408@bank.ua,+380500000408,1993-07-06,Cherkasy
409,Roman,Karpenko,customer409@bank.ua,+380500000409,1993-08-05,Sumy
410,Anna,Kharchenko,customer410@bank.ua,+380500000410,1993-09-04,Kyiv
411,Viktor,Volkov,customer411@bank.ua,+380500000411,1993-10-04,Lviv
412,Liudmyla,Goncharenko,customer412@bank.ua,+380500000412,1993-11-03,Kharkiv
413,Maksym,Moskalenko,customer413@bank.ua,+380500000413,1993-12-03,Odessa
414,Darya,Tymoshenko,customer414@bank.ua,+380500000414,1994-01-02,Dnipro
415,Pavlo,Yakovenko,customer415@bank.ua,+380500000415,1994-02-01,Zaporizhzhia
416,Kateryna,Fedorenko,customer416@bank.ua,+380500000416,1994-03-03,Vinnytsia
417,Artem,Ivanova,customer417@bank.ua,+380500000417,1994-04-02,Poltava
418,Olha,Nazar,customer418@bank.ua,+380500000418,1994-05-02,Cherkasy
419,Yuriy,Oliynyk,customer419@bank.ua,+380500000419,1994-06-01,Sumy
420,Olena,Kovalenko,customer420@bank.ua,+380500000420,1994-07-01,Kyiv
421,Ivan,Shevchenko,customer421@bank.ua,+380500000421,1994-07-31,Lviv
422,Maria,Bondarenko,customer422@bank.ua,+380500000422,1994-08-30,Kharkiv
423,Andriy,Kravchenko,customer423@bank.ua,+380500000423,1994-09-29,Odessa
424,Natalia,Tkachenko,customer424@bank.ua,+380500000424,1994-10-29,Dnipro
425,Dmytro,Marchenko,customer425@bank.ua,+380500000425,1994-11-28,Zaporizhzhia
426,Yulia,Lysenko,customer426@bank.ua,+380500000426,1994-12-28,Vinnytsia
427,Oleksiy,Petrenko,customer427@bank.ua,+380500000427,1995-01-27,Poltava
428,Iryna,Moroz,customer428@bank.ua,+380500000428,1995-02-26,Cherkasy
429,Mykola,Savchenko,customer429@bank.ua,+380500000429,1995-03-28,Sumy
430,Tetyana,Boyko,customer430@bank.ua,+380500000430,1995-04-27,Kyiv
431,Vasyl,Kovalchuk,customer431@bank.ua,+380500000431,1995-05-27,Lviv
432,Oksana,Rudenko,customer432@bank.ua,+380500000432,1995-06-26,Kharkiv
433,Serhiy,Zinchenko,customer433@bank.ua,+380500000433,1995-07-26,Odessa
434,Larysa,Sydorenko,customer434@bank.ua,+380500000434,1995-08-25,Dnipro
435,Bohdan,Mel'nyk,customer435@bank.ua,+380500000435,1995-09-24,Zaporizhzhia
436,Halyna,Ponomarenko,customer436@bank.ua,+380500000436,1995-10-24,Vinnytsia
437,Taras,Hrytsenko,customer437@bank.ua,+380500000437,1995-11-23,Poltava
438,Svitlana,Pavlenko,customer438@bank.ua,+380500000438,1995-12-23,Cherkasy
439,Roman,Karpenko,customer439@bank.ua,+380500000439,1996-01-22,Sumy
440,Anna,Kharchenko,customer440@bank.ua,+380500000440,1996-02-21,Kyiv
441,Viktor,Volkov,customer441@bank.ua,+380500000441,1996-03-22,Lviv
442,Liudmyla,Goncharenko,customer442@bank.ua,+380500000442,1996-04-21,Kharkiv
443,Maksym,Moskalenko,customer443@bank.ua,+380500000443,1996-05-21,Odessa
444,Darya,Tymoshenko,customer444@bank.ua,+380500000444,1996-06-20,Dnipro
445,Pavlo,Yakovenko,customer445@bank.ua,+380500000445,1996-07-20,Zaporizhzhia
446,Kateryna,Fedorenko,customer446@bank.ua,+380500000446,1996-08-19,Vinnytsia
447,Artem,Ivanova,customer447@bank.ua,+380500000447,1996-09-18,Poltava
448,Olha,Nazar,customer448@bank.ua,+380500000448,1996-10-18,Cherkasy
449,Yuriy,Oliynyk,customer449@bank.ua,+380500000449,1996-11-17,Sumy
450,Olena,Kovalenko,customer450@bank.ua,+380500000450,1996-12-17,Kyiv
451,Ivan,Shevchenko,customer451@bank.ua,+380500000451,1997-01-16,Lviv
452,Maria,Bondarenko,customer452@bank.ua,+380500000452,1997-02-15,Kharkiv
453,Andriy,Kravchenko,customer453@bank.ua,+380500000453,1997-03-17,Odessa
454,Natalia,Tkachenko,customer454@bank.ua,+380500000454,1997-04-16,Dnipro
455,Dmytro,Marchenko,customer455@bank.ua,+380500000455,1997-05-16,Zaporizhzhia
456,Yulia,Lysenko,customer456@bank.ua,+380500000456,1997-06-15,Vinnytsia
457,Oleksiy,Petrenko,customer457@bank.ua,+380500000457,1997-07-15,Poltava
458,Iryna,Moroz,customer458@bank.ua,+380500000458,1997-08-14,Cherkasy
459,Mykola,Savchenko,customer459@bank.ua,+380500000459,1997-09-13,Sumy
460,Tetyana,Boyko,customer460@bank.ua,+380500000460,1997-10-13,Kyiv
461,Vasyl,Kovalchuk,customer461@bank.ua,+380500000461,1997-11-12,Lviv
462,Oksana,Rudenko,customer462@bank.ua,+380500000462,1997-12-12,Kharkiv
463,Serhiy,Zinchenko,customer463@bank.ua,+380500000463,1998-01-11,Odessa
464,Larysa,Sydorenko,customer464@bank.ua,+380500000464,1998-02-10,Dnipro
465,Bohdan,Mel'nyk,customer465@bank.ua,+380500000465,1998-03-12,Zaporizhzhia
466,Halyna,Ponomarenko,customer466@bank.ua,+380500000466,1998-04-11,Vinnytsia
467,Taras,Hrytsenko,customer467@bank.ua,+380500000467,1998-05-11,Poltava
468,Svitlana,Pavlenko,customer468@bank.ua,+380500000468,1998-06-10,Cherkasy
469,Roman,Karpenko,customer469@bank.ua,+380500000469,1998-07-10,Sumy
470,Anna,Kharchenko,customer470@bank.ua,+380500000470,1998-08-09,Kyiv
471,Viktor,Volkov,customer471@bank.ua,+380500000471,1998-09-08,Lviv
472,Liudmyla,Goncharenko,customer472@bank.ua,+380500000472,1998-10-08,Kharkiv
473,Maksym,Moskalenko,customer473@bank.ua,+380500000473,1998-11-07,Odessa
474,Darya,Tymoshenko,customer474@bank.ua,+380500000474,1998-12-07,Dnipro
475,Pavlo,Yakovenko,customer475@bank.ua,+380500000475,1999-01-06,Zaporizhzhia
476,Kateryna,Fedorenko,customer476@bank.ua,+380500000476,1999-02-05,Vinnytsia
477,Artem,Ivanova,customer477@bank.ua,+380500000477,1999-03-07,Poltava
478,Olha,Nazar,customer478@bank.ua,+380500000478,1999-04-06,Cherkasy
479,Yuriy,Oliynyk,customer479@bank.ua,+380500000479,1999-05-06,Sumy
480,Olena,Kovalenko,customer480@bank.ua,+380500000480,1999-06-05,Kyiv
481,Ivan,Shevchenko,customer481@bank.ua,+380500000481,1999-07-05,Lviv
482,Maria,Bondarenko,customer482@bank.ua,+380500000482,1999-08-04,Kharkiv
483,Andriy,Kravchenko,customer483@bank.ua,+380500000483,1999-09-03,Odessa
484,Natalia,Tkachenko,customer484@bank.ua,+380500000484,1999-10-03,Dnipro
485,Dmytro,Marchenko,customer485@bank.ua,+380500000485,1999-11-02,Zaporizhzhia
486,Yulia,Lysenko,customer486@bank.ua,+380500000486,1999-12-02,Vinnytsia
487,Oleksiy,Petrenko,customer487@bank.ua,+380500000487,2000-01-01,Poltava
488,Iryna,Moroz,customer488@bank.ua,+380500000488,2000-01-31,Cherkasy
489,Mykola,Savchenko,customer489@bank.ua,+380500000489,2000-03-01,Sumy
490,Tetyana,Boyko,customer490@bank.ua,+380500000490,2000-03-31,Kyiv
491,Vasyl,Kovalchuk,customer491@bank.ua,+380500000491,2000-04-30,Lviv
492,Oksana,Rudenko,customer492@bank.ua,+380500000492,2000-05-30,Kharkiv
493,Serhiy,Zinchenko,customer493@bank.ua,+380500000493,2000-06-29,Odessa
494,Larysa,Sydorenko,customer494@bank.ua,+380500000494,2000-07-29,Dnipro
495,Bohdan,Mel'nyk,customer495@bank.ua,+380500000495,2000-08-28,Zaporizhzhia
496,Halyna,Ponomarenko,customer496@bank.ua,+380500000496,2000-09-27,Vinnytsia
497,Taras,Hrytsenko,customer497@bank.ua,+380500000497,2000-10-27,Poltava
498,Svitlana,Pavlenko,customer498@bank.ua,+380500000498,2000-11-26,Cherkasy
499,Roman,Karpenko,customer499@bank.ua,+380500000499,2000-12-26,Sumy
500,Anna,Kharchenko,customer500@bank.ua,+380500000500,2001-01-25,Kyiv
