employee_id,first_name,last_name,branch_id,position,salary
1,Ivan,Lysenko,2,Manager,55050
2,Maria,Petrenko,3,Analyst,45100
3,Andriy,Moroz,4,Teller,35150
4,Natalia,Savchenko,5,Manager,55200
5,Dmytro,Boyko,6,Analyst,45250
6,Yulia,Kovalchuk,7,Teller,35300
7,Oleksiy,Rudenko,8,Manager,55350
8,Iryna,Zinchenko,9,Analyst,45400
9,Mykola,Sydorenko,10,Teller,35450
10,Tetyana,Mel'nyk,11,Manager,55500
11,Vasyl,Ponomarenko,12,Analyst,45550
12,Oksana,Hrytsenko,13,Teller,35600
13,Serhiy,Pavlenko,14,Manager,55650
14,Larysa,Karpenko,15,Analyst,45700
15,Bohdan,Kharchenko,16,Teller,35750
16,Halyna,Volkov,17,Manager,55800
17,Taras,Goncharenko,18,Analyst,45850
18,Svitlana,Moskalenko,19,Teller,35900
19,Roman,Tymoshenko,20,Manager,55950
20,Anna,Yakovenko,21,Analyst,46000
21,Viktor,Fedorenko,22,Teller,36050
22,Liudmyla,Ivanova,23,Manager,56100
23,Maksym,Nazar,24,Analyst,46150
24,Darya,Oliynyk,25,Teller,36200
25,Pavlo,Kovalenko,26,Manager,56250
26,Kateryna,Shevchenko,27,Analyst,46300
27,Artem,Bondarenko,28,Teller,36350
28,Olha,Kravchenko,29,Manager,56400
29,Yuriy,Tkachenko,30,Analyst,46450
30,Olena,Marchenko,31,Teller,36500
31,Ivan,Lysenko,32,Manager,56550
32,Maria,Petrenko,33,Analyst,46600
33,Andriy,Moroz,34,Teller,36650
34,Natalia,Savchenko,35,Manager,56700
35,Dmytro,Boyko,36,Analyst,46750
36,Yulia,Kovalchuk,37,Teller,36800
37,Oleksiy,Rudenko,38,Manager,56850
38,Iryna,Zinchenko,39,Analyst,46900
39,Mykola,Sydorenko,40,Teller,36950
40,Tetyana,Mel'nyk,41,Manager,57000
41,Vasyl,Ponomarenko,42,Analyst,47050
42,Oksana,Hrytsenko,43,Teller,37100
43,Serhiy,Pavlenko,44,Manager,57150
44,Larysa,Karpenko,45,Analyst,47200
45,Bohdan,Kharchenko,46,Teller,37250
46,Halyna,Volkov,47,Manager,57300
47,Taras,Goncharenko,48,Analyst,47350
48,Svitlana,Moskalenko,49,Teller,37400
49,Roman,Tymoshenko,50,Manager,57450
50,Anna,Yakovenko,1,Analyst,47500
51,Viktor,Fedorenko,2,Teller,37550
52,Liudmyla,Ivanova,3,Manager,57600
53,Maksym,Nazar,4,Analyst,47650
54,Darya,Oliynyk,5,Teller,37700
55,Pavlo,Kovalenko,6,Manager,57750
56,Kateryna,Shevchenko,7,Analyst,47800
57,Artem,Bondarenko,8,Teller,37850
58,Olha,Kravchenko,9,Manager,57900
59,Yuriy,Tkachenko,10,Analyst,47950
60,Olena,Marchenko,11,Teller,38000
61,Ivan,Lysenko,12,Manager,58050
62,Maria,Petrenko,13,Analyst,48100
63,Andriy,Moroz,14,Teller,38150
64,Natalia,Savchenko,15,Manager,58200
65,Dmytro,Boyko,16,Analyst,48250
66,Yulia,Kovalchuk,17,Teller,38300
67,Oleksiy,Rudenko,18,Manager,58350
68,Iryna,Zinchenko,19,Analyst,48400
69,Mykola,Sydorenko,20,Teller,38450
70,Tetyana,Mel'nyk,21,Manager,58500
71,Vasyl,Ponomarenko,22,Analyst,48550
72,Oksana,Hrytsenko,23,Teller,38600
73,Serhiy,Pavlenko,24,Manager,58650
74,Larysa,Karpenko,25,Analyst,48700
75,Bohdan,Kharchenko,26,Teller,38750
76,Halyna,Volkov,27,Manager,58800
77,Taras,Goncharenko,28,Analyst,48850
78,Svitlana,Moskalenko,29,Teller,38900
79,Roman,Tymoshenko,30,Manager,58950
80,Anna,Yakovenko,31,Analyst,49000
81,Viktor,Fedorenko,32,Teller,39050
82,Liudmyla,Ivanova,33,Manager,59100
83,Maksym,Nazar,34,Analyst,49150
84,Darya,Oliynyk,35,Teller,39200
85,Pavlo,Kovalenko,36,Manager,59250
86,Kateryna,Shevchenko,37,Analyst,49300
87,Artem,Bondarenko,38,Teller,39350
88,Olha,Kravchenko,39,Manager,59400
89,Yuriy,Tkachenko,40,Analyst,49450
90,Olena,Marchenko,41,Teller,39500
91,Ivan,Lysenko,42,Manager,59550
92,Maria,Petrenko,43,Analyst,49600
93,Andriy,Moroz,44,Teller,39650
94,Natalia,Savchenko,45,Manager,59700
95,Dmytro,Boyko,46,Analyst,49750
96,Yulia,Kovalchuk,47,Teller,39800
97,Oleksiy,Rudenko,48,Manager,59850
98,Iryna,Zinchenko,49,Analyst,49900
99,Mykola,Sydorenko,50,Teller,39950
100,Tetyana,Mel'nyk,1,Manager,60000
101,Vasyl,Ponomarenko,2,Analyst,50050
102,Oksana,Hrytsenko,3,Teller,40100
103,Serhiy,Pavlenko,4,Manager,60150
104,Larysa,Karpenko,5,Analyst,50200
105,Bohdan,Kharchenko,6,Teller,40250
106,Halyna,Volkov,7,Manager,60300
107,Taras,Goncharenko,8,Analyst,50350
108,Svitlana,Moskalenko,9,Teller,40400
109,Roman,Tymoshenko,10,Manager,60450
110,Anna,Yakovenko,11,Analyst,50500
111,Viktor,Fedorenko,12,Teller,40550
112,Liudmyla,Ivanova,13,Manager,60600
113,Maksym,Nazar,14,Analyst,50650
114,Darya,Oliynyk,15,Teller,40700
115,Pavlo,Kovalenko,16,Manager,60750
116,Kateryna,Shevchenko,17,Analyst,50800
117,Artem,Bondarenko,18,Teller,40850
118,Olha,Kravchenko,19,Manager,60900
119,Yuriy,Tkachenko,20,Analyst,50950
120,Olena,Marchenko,21,Teller,41000
121,Ivan,Lysenko,22,Manager,61050
122,Maria,Petrenko,23,Analyst,51100
123,Andriy,Moroz,24,Teller,41150
124,Natalia,Savchenko,25,Manager,61200
125,Dmytro,Boyko,26,Analyst,51250
126,Yulia,Kovalchuk,27,Teller,41300
127,Oleksiy,Rudenko,28,Manager,61350
128,Iryna,Zinchenko,29,Analyst,51400
129,Mykola,Sydorenko,30,Teller,41450
130,Tetyana,Mel'nyk,31,Manager,61500
131,Vasyl,Ponomarenko,32,Analyst,51550
132,Oksana,Hrytsenko,33,Teller,41600
133,Serhiy,Pavlenko,34,Manager,61650
134,Larysa,Karpenko,35,Analyst,51700
135,Bohdan,Kharchenko,36,Teller,41750
136,Halyna,Volkov,37,Manager,61800
137,Taras,Goncharenko,38,Analyst,51850
138,Svitlana,Moskalenko,39,Teller,41900
139,Roman,Tymoshenko,40,Manager,61950
140,Anna,Yakovenko,41,Analyst,52000
141,Viktor,Fedorenko,42,Teller,42050
142,Liudmyla,Ivanova,43,Manager,62100
143,Maksym,Nazar,44,Analyst,52150
144,Darya,Oliynyk,45,Teller,42200
145,Pavlo,Kovalenko,46,Manager,62250
146,Kateryna,Shevchenko,47,Analyst,52300
147,Artem,Bondarenko,48,Teller,42350
148,Olha,Kravchenko,49,Manager,62400
149,Yuriy,Tkachenko,50,Analyst,52450
150,Olena,Marchenko,1,Teller,42500
151,Ivan,Lysenko,2,Manager,62550
152,Maria,Petrenko,3,Analyst,52600
153,Andriy,Moroz,4,Teller,42650
154,Natalia,Savchenko,5,Manager,62700
155,Dmytro,Boyko,6,Analyst,52750
156,Yulia,Kovalchuk,7,Teller,42800
157,Oleksiy,Rudenko,8,Manager,62850
158,Iryna,Zinchenko,9,Analyst,52900
159,Mykola,Sydorenko,10,Teller,42950
160,Tetyana,Mel'nyk,11,Manager,63000
161,Vasyl,Ponomarenko,12,Analyst,53050
162,Oksana,Hrytsenko,13,Teller,43100
163,Serhiy,Pavlenko,14,Manager,63150
164,Larysa,Karpenko,15,Analyst,53200
165,Bohdan,Kharchenko,16,Teller,43250
166,Halyna,Volkov,17,Manager,63300
167,Taras,Goncharenko,18,Analyst,53350
168,Svitlana,Moskalenko,19,Teller,43400
169,Roman,Tymoshenko,20,Manager,63450
170,Anna,Yakovenko,21,Analyst,53500
171,Viktor,Fedorenko,22,Teller,43550
172,Liudmyla,Ivanova,23,Manager,63600
173,Maksym,Nazar,24,Analyst,53650
174,Darya,Oliynyk,25,Teller,43700
175,Pavlo,Kovalenko,26,Manager,63750
176,Kateryna,Shevchenko,27,Analyst,53800
177,Artem,Bondarenko,28,Teller,43850
178,Olha,Kravchenko,29,Manager,63900
179,Yuriy,Tkachenko,30,Analyst,53950
180,Olena,Marchenko,31,Teller,44000
181,Ivan,Lysenko,32,Manager,64050
182,Maria,Petrenko,33,Analyst,54100
183,Andriy,Moroz,34,Teller,44150
184,Natalia,Savchenko,35,Manager,64200
185,Dmytro,Boyko,36,Analyst,54250
186,Yulia,Kovalchuk,37,Teller,44300
187,Oleksiy,Rudenko,38,Manager,64350
188,Iryna,Zinchenko,39,Analyst,54400
189,Mykola,Sydorenko,40,Teller,44450
190,Tetyana,Mel'nyk,41,Manager,64500
191,Vasyl,Ponomarenko,42,Analyst,54550
192,Oksana,Hrytsenko,43,Teller,44600
193,Serhiy,Pavlenko,44,Manager,64650
194,Larysa,Karpenko,45,Analyst,54700
195,Bohdan,Kharchenko,46,Teller,44750
196,Halyna,Volkov,47,Manager,64800
197,Taras,Goncharenko,48,Analyst,54850
198,Svitlana,Moskalenko,49,Teller,44900
199,Roman,Tymoshenko,50,Manager,64950
200,Anna,Yakovenko,1,Analyst,55000
